#
#Feature symbol names
#
$0 r5.90551
$1 r7.87402
$2 r5.11811
$3 r61.0236
$4 r64.9606
$5 r61.1024
$6 r15.748


#
#Feature attribute names
#
@0 .drill


#
#Layer features
#
L 0.524935 0.031305 0.511811 0.050053 0 P 0
L 0.502438 0.031305 0.502438 0.070675 0 P 0
L 0.502438 0.070675 0.517436 0.070675 0 P 0
L 0.517436 0.070675 0.521185 0.0688 0 P 0
L 0.521185 0.0688 0.52306 0.066926 0 P 0
L 0.52306 0.066926 0.524935 0.063176 0 P 0
L 0.524935 0.063176 0.524935 0.057552 0 P 0
L 0.524935 0.057552 0.52306 0.053802 0 P 0
L 0.52306 0.053802 0.521185 0.051927 0 P 0
L 0.521185 0.051927 0.517436 0.050053 0 P 0
L 0.517436 0.050053 0.502438 0.050053 0 P 0
L 0.56243 0.031305 0.539933 0.031305 0 P 0
L 0.551181 0.031305 0.551181 0.070675 0 P 0
L 0.551181 0.070675 0.547432 0.065051 0 P 0
L 0.547432 0.065051 0.543682 0.061301 0 P 0
L 0.543682 0.061301 0.539933 0.059427 0 P 0
L 0.773557 0.111826 0.771682 0.109951 0 P 0
L 0.771682 0.109951 0.766058 0.108077 0 P 0
L 0.766058 0.108077 0.762308 0.108077 0 P 0
L 0.762308 0.108077 0.756684 0.109951 0 P 0
L 0.756684 0.109951 0.752934 0.113701 0 P 0
L 0.752934 0.113701 0.75106 0.117451 0 P 0
L 0.75106 0.117451 0.749185 0.12495 0 P 0
L 0.749185 0.12495 0.749185 0.130574 0 P 0
L 0.749185 0.130574 0.75106 0.138073 0 P 0
L 0.75106 0.138073 0.752934 0.141822 0 P 0
L 0.752934 0.141822 0.756684 0.145572 0 P 0
L 0.756684 0.145572 0.762308 0.147447 0 P 0
L 0.762308 0.147447 0.766058 0.147447 0 P 0
L 0.766058 0.147447 0.771682 0.145572 0 P 0
L 0.771682 0.145572 0.773557 0.143697 0 P 0
L 0.788555 0.143697 0.79043 0.145572 0 P 0
L 0.79043 0.145572 0.794179 0.147447 0 P 0
L 0.794179 0.147447 0.803553 0.147447 0 P 0
L 0.803553 0.147447 0.807303 0.145572 0 P 0
L 0.807303 0.145572 0.809177 0.143697 0 P 0
L 0.809177 0.143697 0.811052 0.139948 0 P 0
L 0.811052 0.139948 0.811052 0.136198 0 P 0
L 0.811052 0.136198 0.809177 0.130574 0 P 0
L 0.809177 0.130574 0.78668 0.108077 0 P 0
L 0.78668 0.108077 0.811052 0.108077 0 P 0
L 0.524 0.290681 0.525874 0.288806 0 P 0
L 0.525874 0.288806 0.527749 0.283182 0 P 0
L 0.527749 0.283182 0.527749 0.279433 0 P 0
L 0.527749 0.279433 0.525874 0.273808 0 P 0
L 0.525874 0.273808 0.522125 0.270059 0 P 0
L 0.522125 0.270059 0.518375 0.268184 0 P 0
L 0.518375 0.268184 0.510876 0.266309 0 P 0
L 0.510876 0.266309 0.505252 0.266309 0 P 0
L 0.505252 0.266309 0.497753 0.268184 0 P 0
L 0.497753 0.268184 0.494003 0.270059 0 P 0
L 0.494003 0.270059 0.490254 0.273808 0 P 0
L 0.490254 0.273808 0.488379 0.279433 0 P 0
L 0.488379 0.279433 0.488379 0.283182 0 P 0
L 0.488379 0.283182 0.490254 0.288806 0 P 0
L 0.490254 0.288806 0.492129 0.290681 0 P 0
L 0.501502 0.324427 0.527749 0.324427 0 P 0
L 0.486504 0.315053 0.514626 0.305679 0 P 0
L 0.514626 0.305679 0.514626 0.330051 0 P 0
L 0.167979 0.326487 0.173604 0.324612 0 P 0
L 0.173604 0.324612 0.182978 0.324612 0 P 0
L 0.182978 0.324612 0.186727 0.326487 0 P 0
L 0.186727 0.326487 0.188602 0.328362 0 P 0
L 0.188602 0.328362 0.190477 0.332111 0 P 0
L 0.190477 0.332111 0.190477 0.335861 0 P 0
L 0.190477 0.335861 0.188602 0.33961 0 P 0
L 0.188602 0.33961 0.186727 0.341485 0 P 0
L 0.186727 0.341485 0.182978 0.34336 0 P 0
L 0.182978 0.34336 0.175478 0.345235 0 P 0
L 0.175478 0.345235 0.171729 0.347109 0 P 0
L 0.171729 0.347109 0.169854 0.348984 0 P 0
L 0.169854 0.348984 0.167979 0.352734 0 P 0
L 0.167979 0.352734 0.167979 0.356483 0 P 0
L 0.167979 0.356483 0.169854 0.360233 0 P 0
L 0.169854 0.360233 0.171729 0.362107 0 P 0
L 0.171729 0.362107 0.175478 0.363982 0 P 0
L 0.175478 0.363982 0.184852 0.363982 0 P 0
L 0.184852 0.363982 0.190477 0.362107 0 P 0
L 0.2036 0.363982 0.212974 0.324612 0 P 0
L 0.212974 0.324612 0.220473 0.352734 0 P 0
L 0.220473 0.352734 0.227972 0.324612 0 P 0
L 0.227972 0.324612 0.237346 0.363982 0 P 0
L 0.272966 0.324612 0.250469 0.324612 0 P 0
L 0.261718 0.324612 0.261718 0.363982 0 P 0
L 0.261718 0.363982 0.257968 0.358358 0 P 0
L 0.257968 0.358358 0.254219 0.354608 0 P 0
L 0.254219 0.354608 0.250469 0.352734 0 P 0
L 0.773557 0.048834 0.771682 0.046959 0 P 0
L 0.771682 0.046959 0.766058 0.045085 0 P 0
L 0.766058 0.045085 0.762308 0.045085 0 P 0
L 0.762308 0.045085 0.756684 0.046959 0 P 0
L 0.756684 0.046959 0.752934 0.050709 0 P 0
L 0.752934 0.050709 0.75106 0.054458 0 P 0
L 0.75106 0.054458 0.749185 0.061957 0 P 0
L 0.749185 0.061957 0.749185 0.067582 0 P 0
L 0.749185 0.067582 0.75106 0.075081 0 P 0
L 0.75106 0.075081 0.752934 0.07883 0 P 0
L 0.752934 0.07883 0.756684 0.08258 0 P 0
L 0.756684 0.08258 0.762308 0.084455 0 P 0
L 0.762308 0.084455 0.766058 0.084455 0 P 0
L 0.766058 0.084455 0.771682 0.08258 0 P 0
L 0.771682 0.08258 0.773557 0.080705 0 P 0
L 0.811052 0.045085 0.788555 0.045085 0 P 0
L 0.799804 0.045085 0.799804 0.084455 0 P 0
L 0.799804 0.084455 0.796054 0.07883 0 P 0
L 0.796054 0.07883 0.792304 0.075081 0 P 0
L 0.792304 0.075081 0.788555 0.073206 0 P 0
L 1.13799 0.07349 1.16611 0.07349 0 P 0
L 1.16611 0.07349 1.17173 0.071615 0 P 0
L 1.17173 0.071615 1.17548 0.067865 0 P 0
L 1.17548 0.067865 1.17735 0.062241 0 P 0
L 1.17735 0.062241 1.17735 0.058491 0 P 0
L 1.17735 0.11286 1.17735 0.090362 0 P 0
L 1.17735 0.101611 1.13799 0.101611 0 P 0
L 1.13799 0.101611 1.14361 0.097861 0 P 0
L 1.14361 0.097861 1.14736 0.094112 0 P 0
L 1.14736 0.094112 1.14923 0.090362 0 P 0
L 0.341529 0.533923 0.36965 0.533923 0 P 0
L 0.36965 0.533923 0.375274 0.532048 0 P 0
L 0.375274 0.532048 0.379024 0.528298 0 P 0
L 0.379024 0.528298 0.380899 0.522674 0 P 0
L 0.380899 0.522674 0.380899 0.518924 0 P 0
L 0.345278 0.550795 0.343403 0.55267 0 P 0
L 0.343403 0.55267 0.341529 0.55642 0 P 0
L 0.341529 0.55642 0.341529 0.565794 0 P 0
L 0.341529 0.565794 0.343403 0.569543 0 P 0
L 0.343403 0.569543 0.345278 0.571418 0 P 0
L 0.345278 0.571418 0.349028 0.573293 0 P 0
L 0.349028 0.573293 0.352777 0.573293 0 P 0
L 0.352777 0.573293 0.358402 0.571418 0 P 0
L 0.358402 0.571418 0.380899 0.548921 0 P 0
L 0.380899 0.548921 0.380899 0.573293 0 P 0
L 0.522031 0.524441 0.523906 0.522566 0 P 0
L 0.523906 0.522566 0.525781 0.516942 0 P 0
L 0.525781 0.516942 0.525781 0.513192 0 P 0
L 0.525781 0.513192 0.523906 0.507568 0 P 0
L 0.523906 0.507568 0.520156 0.503819 0 P 0
L 0.520156 0.503819 0.516407 0.501944 0 P 0
L 0.516407 0.501944 0.508908 0.500069 0 P 0
L 0.508908 0.500069 0.503283 0.500069 0 P 0
L 0.503283 0.500069 0.495784 0.501944 0 P 0
L 0.495784 0.501944 0.492035 0.503819 0 P 0
L 0.492035 0.503819 0.488285 0.507568 0 P 0
L 0.488285 0.507568 0.486411 0.513192 0 P 0
L 0.486411 0.513192 0.486411 0.516942 0 P 0
L 0.486411 0.516942 0.488285 0.522566 0 P 0
L 0.488285 0.522566 0.49016 0.524441 0 P 0
L 0.486411 0.537564 0.486411 0.561936 0 P 0
L 0.486411 0.561936 0.501409 0.548813 0 P 0
L 0.501409 0.548813 0.501409 0.554437 0 P 0
L 0.501409 0.554437 0.503283 0.558187 0 P 0
L 0.503283 0.558187 0.505158 0.560062 0 P 0
L 0.505158 0.560062 0.508908 0.561936 0 P 0
L 0.508908 0.561936 0.518282 0.561936 0 P 0
L 0.518282 0.561936 0.522031 0.560062 0 P 0
L 0.522031 0.560062 0.523906 0.558187 0 P 0
L 0.523906 0.558187 0.525781 0.554437 0 P 0
L 0.525781 0.554437 0.525781 0.543189 0 P 0
L 0.525781 0.543189 0.523906 0.539439 0 P 0
L 0.523906 0.539439 0.522031 0.537564 0 P 0
L 0.629856 0.09036 0.616733 0.109108 0 P 0
L 0.607359 0.09036 0.607359 0.12973 0 P 0
L 0.607359 0.12973 0.622357 0.12973 0 P 0
L 0.622357 0.12973 0.626106 0.127855 0 P 0
L 0.626106 0.127855 0.627981 0.125981 0 P 0
L 0.627981 0.125981 0.629856 0.122231 0 P 0
L 0.629856 0.122231 0.629856 0.116607 0 P 0
L 0.629856 0.116607 0.627981 0.112857 0 P 0
L 0.627981 0.112857 0.626106 0.110983 0 P 0
L 0.626106 0.110983 0.622357 0.109108 0 P 0
L 0.622357 0.109108 0.607359 0.109108 0 P 0
L 0.642979 0.12973 0.667351 0.12973 0 P 0
L 0.667351 0.12973 0.654228 0.114732 0 P 0
L 0.654228 0.114732 0.659852 0.114732 0 P 0
L 0.659852 0.114732 0.663602 0.112857 0 P 0
L 0.663602 0.112857 0.665477 0.110983 0 P 0
L 0.665477 0.110983 0.667351 0.107233 0 P 0
L 0.667351 0.107233 0.667351 0.097859 0 P 0
L 0.667351 0.097859 0.665477 0.09411 0 P 0
L 0.665477 0.09411 0.663602 0.092235 0 P 0
L 0.663602 0.092235 0.659852 0.09036 0 P 0
L 0.659852 0.09036 0.648604 0.09036 0 P 0
L 0.648604 0.09036 0.644854 0.092235 0 P 0
L 0.644854 0.092235 0.642979 0.09411 0 P 0
L 0.431759 0.191691 0.418636 0.191691 0 P 0
L 0.418636 0.171069 0.418636 0.210439 0 P 0
L 0.418636 0.210439 0.437383 0.210439 0 P 0
L 0.465505 0.191691 0.471129 0.189816 0 P 0
L 0.471129 0.189816 0.473004 0.187942 0 P 0
L 0.473004 0.187942 0.474879 0.184192 0 P 0
L 0.474879 0.184192 0.474879 0.178568 0 P 0
L 0.474879 0.178568 0.473004 0.174818 0 P 0
L 0.473004 0.174818 0.471129 0.172944 0 P 0
L 0.471129 0.172944 0.467379 0.171069 0 P 0
L 0.467379 0.171069 0.452381 0.171069 0 P 0
L 0.452381 0.171069 0.452381 0.210439 0 P 0
L 0.452381 0.210439 0.465505 0.210439 0 P 0
L 0.465505 0.210439 0.469254 0.208564 0 P 0
L 0.469254 0.208564 0.471129 0.206689 0 P 0
L 0.471129 0.206689 0.473004 0.20294 0 P 0
L 0.473004 0.20294 0.473004 0.19919 0 P 0
L 0.473004 0.19919 0.471129 0.195441 0 P 0
L 0.471129 0.195441 0.469254 0.193566 0 P 0
L 0.469254 0.193566 0.465505 0.191691 0 P 0
L 0.465505 0.191691 0.452381 0.191691 0 P 0
L 0.512374 0.171069 0.489877 0.171069 0 P 0
L 0.501125 0.171069 0.501125 0.210439 0 P 0
L 0.501125 0.210439 0.497376 0.204815 0 P 0
L 0.497376 0.204815 0.493626 0.201065 0 P 0
L 0.493626 0.201065 0.489877 0.19919 0 P 0
L 0.497284 0.660104 0.497284 0.64698 0 P 0
L 0.517907 0.64698 0.478537 0.64698 0 P 0
L 0.478537 0.64698 0.478537 0.665728 0 P 0
L 0.497284 0.693849 0.499159 0.699474 0 P 0
L 0.499159 0.699474 0.501034 0.701349 0 P 0
L 0.501034 0.701349 0.504783 0.703223 0 P 0
L 0.504783 0.703223 0.510408 0.703223 0 P 0
L 0.510408 0.703223 0.514157 0.701349 0 P 0
L 0.514157 0.701349 0.516032 0.699474 0 P 0
L 0.516032 0.699474 0.517907 0.695724 0 P 0
L 0.517907 0.695724 0.517907 0.680726 0 P 0
L 0.517907 0.680726 0.478537 0.680726 0 P 0
L 0.478537 0.680726 0.478537 0.693849 0 P 0
L 0.478537 0.693849 0.480411 0.697599 0 P 0
L 0.480411 0.697599 0.482286 0.699474 0 P 0
L 0.482286 0.699474 0.486036 0.701349 0 P 0
L 0.486036 0.701349 0.489785 0.701349 0 P 0
L 0.489785 0.701349 0.493535 0.699474 0 P 0
L 0.493535 0.699474 0.495409 0.697599 0 P 0
L 0.495409 0.697599 0.497284 0.693849 0 P 0
L 0.497284 0.693849 0.497284 0.680726 0 P 0
L 0.482286 0.718221 0.480411 0.720096 0 P 0
L 0.480411 0.720096 0.478537 0.723846 0 P 0
L 0.478537 0.723846 0.478537 0.73322 0 P 0
L 0.478537 0.73322 0.480411 0.736969 0 P 0
L 0.480411 0.736969 0.482286 0.738844 0 P 0
L 0.482286 0.738844 0.486036 0.740719 0 P 0
L 0.486036 0.740719 0.489785 0.740719 0 P 0
L 0.489785 0.740719 0.495409 0.738844 0 P 0
L 0.495409 0.738844 0.517907 0.716347 0 P 0
L 0.517907 0.716347 0.517907 0.740719 0 P 0
L 2.15176 0.615672 2.18364 0.615672 0 P 0
L 2.18364 0.615672 2.18738 0.617547 0 P 0
L 2.18738 0.617547 2.18926 0.619421 0 P 0
L 2.18926 0.619421 2.19114 0.623171 0 P 0
L 2.19114 0.623171 2.19114 0.63067 0 P 0
L 2.19114 0.63067 2.18926 0.634419 0 P 0
L 2.18926 0.634419 2.18738 0.636294 0 P 0
L 2.18738 0.636294 2.18364 0.638169 0 P 0
L 2.18364 0.638169 2.15176 0.638169 0 P 0
L 2.19114 0.677539 2.19114 0.655042 0 P 0
L 2.19114 0.66629 2.15176 0.66629 0 P 0
L 2.15176 0.66629 2.15739 0.662541 0 P 0
L 2.15739 0.662541 2.16114 0.658791 0 P 0
L 2.16114 0.658791 2.16301 0.655042 0 P 0
L 0.76962 0.171069 0.756496 0.189816 0 P 0
L 0.747123 0.171069 0.747123 0.210439 0 P 0
L 0.747123 0.210439 0.762121 0.210439 0 P 0
L 0.762121 0.210439 0.76587 0.208564 0 P 0
L 0.76587 0.208564 0.767745 0.206689 0 P 0
L 0.767745 0.206689 0.76962 0.20294 0 P 0
L 0.76962 0.20294 0.76962 0.197316 0 P 0
L 0.76962 0.197316 0.767745 0.193566 0 P 0
L 0.767745 0.193566 0.76587 0.191691 0 P 0
L 0.76587 0.191691 0.762121 0.189816 0 P 0
L 0.762121 0.189816 0.747123 0.189816 0 P 0
L 0.784618 0.206689 0.786493 0.208564 0 P 0
L 0.786493 0.208564 0.790242 0.210439 0 P 0
L 0.790242 0.210439 0.799616 0.210439 0 P 0
L 0.799616 0.210439 0.803366 0.208564 0 P 0
L 0.803366 0.208564 0.80524 0.206689 0 P 0
L 0.80524 0.206689 0.807115 0.20294 0 P 0
L 0.807115 0.20294 0.807115 0.19919 0 P 0
L 0.807115 0.19919 0.80524 0.193566 0 P 0
L 0.80524 0.193566 0.782743 0.171069 0 P 0
L 0.782743 0.171069 0.807115 0.171069 0 P 0
L 0.954974 0.468701 0.954974 0.449892 0 P 0
L 0.954974 0.449892 0.915475 0.449892 0 P 0
L 0.953093 0.479986 0.954974 0.485629 0 P 0
L 0.954974 0.485629 0.954974 0.495034 0 P 0
L 0.954974 0.495034 0.953093 0.498795 0 P 0
L 0.953093 0.498795 0.951212 0.500676 0 P 0
L 0.951212 0.500676 0.947451 0.502557 0 P 0
L 0.947451 0.502557 0.943689 0.502557 0 P 0
L 0.943689 0.502557 0.939927 0.500676 0 P 0
L 0.939927 0.500676 0.938046 0.498795 0 P 0
L 0.938046 0.498795 0.936165 0.495034 0 P 0
L 0.936165 0.495034 0.934284 0.48751 0 P 0
L 0.934284 0.48751 0.932403 0.483748 0 P 0
L 0.932403 0.483748 0.930522 0.481867 0 P 0
L 0.930522 0.481867 0.926761 0.479986 0 P 0
L 0.926761 0.479986 0.922999 0.479986 0 P 0
L 0.922999 0.479986 0.919237 0.481867 0 P 0
L 0.919237 0.481867 0.917356 0.483748 0 P 0
L 0.917356 0.483748 0.915475 0.48751 0 P 0
L 0.915475 0.48751 0.915475 0.496915 0 P 0
L 0.915475 0.496915 0.917356 0.502557 0 P 0
L 0.954974 0.540175 0.954974 0.517605 0 P 0
L 0.954974 0.52889 0.915475 0.52889 0 P 0
L 0.915475 0.52889 0.921118 0.525128 0 P 0
L 0.921118 0.525128 0.92488 0.521366 0 P 0
L 0.92488 0.521366 0.926761 0.517605 0 P 0
L 0.685914 0.182761 0.685914 0.212859 0 P 0
L 0.686154 0.74743 0.686154 0.7775 0 P 0
L 0.701189 0.762465 0.671119 0.762465 0 P 0
L 1.12677 0.14077 1.15864 0.14077 0 P 0
L 1.15864 0.14077 1.16239 0.142645 0 P 0
L 1.16239 0.142645 1.16426 0.14452 0 P 0
L 1.16426 0.14452 1.16613 0.148269 0 P 0
L 1.16613 0.148269 1.16613 0.155768 0 P 0
L 1.16613 0.155768 1.16426 0.159518 0 P 0
L 1.16426 0.159518 1.16239 0.161393 0 P 0
L 1.16239 0.161393 1.15864 0.163267 0 P 0
L 1.15864 0.163267 1.12677 0.163267 0 P 0
L 1.13051 0.18014 1.12864 0.182015 0 P 0
L 1.12864 0.182015 1.12677 0.185765 0 P 0
L 1.12677 0.185765 1.12677 0.195138 0 P 0
L 1.12677 0.195138 1.12864 0.198888 0 P 0
L 1.12864 0.198888 1.13051 0.200763 0 P 0
L 1.13051 0.200763 1.13426 0.202637 0 P 0
L 1.13426 0.202637 1.13801 0.202637 0 P 0
L 1.13801 0.202637 1.14364 0.200763 0 P 0
L 1.14364 0.200763 1.16613 0.178265 0 P 0
L 1.16613 0.178265 1.16613 0.202637 0 P 0
L 0.507196 0.126869 0.527253 0.126869 2 P 0
L 0.507196 0.085727 0.527253 0.085727 2 P 0
L 0.890208 0.14803 0.878691 0.14803 2 P 0
L 0.890208 0.107873 0.878691 0.107873 2 P 0
L 0.548819 0.291976 0.548819 0.303493 2 P 0
L 0.588977 0.291976 0.588977 0.303493 2 P 0
L 0.082678 0.204723 0.082678 0.145668 2 P 0
L 0.13189 0.047243 0.309056 0.047243 2 P 0
L 0.309056 0.303148 0.13189 0.303148 2 P 0
L 0.358268 0.145668 0.358268 0.204723 2 P 0
L 0.890208 0.087007 0.878691 0.087007 2 P 0
L 0.890208 0.046849 0.878691 0.046849 2 P 0
L 1.19291 0.074802 1.19291 0.12992 2 P 0
L 1.22047 0.157479 1.24409 0.157479 2 P 0
L 1.24409 0.047243 1.22047 0.047243 2 P 0
L 1.27165 0.12992 1.27165 0.074802 2 P 0
A 1.19291400 0.12992000 1.22047300 0.15747900 1.22047300 0.12992000 2 P 0 Y
A 1.22047300 0.04724300 1.19291400 0.07480200 1.22047300 0.07480200 2 P 0 Y
A 1.24409500 0.15747900 1.27165400 0.12992000 1.24409500 0.12992000 2 P 0 Y
A 1.27165400 0.07480200 1.24409500 0.04724300 1.24409500 0.07480200 2 P 0 Y
L 0.039567 0.720471 0.039567 0.43307 2 P 0
L 0.039567 0.43307 0.078937 0.43307 2 P 0
L 0.078937 0.720471 0.039567 0.720471 2 P 0
L 0.193111 0.43307 0.236418 0.43307 2 P 0
L 0.236418 0.720471 0.193111 0.720471 2 P 0
L 0.236418 0.645668 0.236418 0.720471 2 P 0
L 0.236418 0.43307 0.236418 0.507873 2 P 0
A 0.32165400 0.62598300 0.31378000 0.62598300 0.31771700 0.62598300 1 P 0 Y
A 0.31378000 0.62598300 0.32165400 0.62598300 0.31771700 0.62598300 1 P 0 Y
L 0.544882 0.534793 0.544882 0.523276 2 P 0
L 0.58504 0.534793 0.58504 0.523276 2 P 0
L 0.69065 0.165539 0.69065 0.145482 2 P 0
L 0.731792 0.165539 0.731792 0.145482 2 P 0
L 0.614577 0.211022 0.582274 0.211022 2 P 0
L 0.614577 0.166928 0.582274 0.166928 2 P 0
L 0.540945 0.695284 0.540945 0.662981 2 P 0
L 0.58504 0.695284 0.58504 0.662981 2 P 0
L 1.29843 0.746948 1.29843 0.046948 2 P 0
L 1.29843 0.046948 2.1252 0.046948 2 P 0
L 2.1252 0.746948 1.29843 0.746948 2 P 0
L 2.1252 0.574113 2.1252 0.746948 2 P 0
L 2.1252 0.574113 2.18583 0.574113 2 P 0
L 2.1252 0.046948 2.1252 0.219782 2 P 0
L 2.18583 0.574113 2.18583 0.219782 2 P 0
L 2.18583 0.219782 2.1252 0.219782 2 P 0
A 2.01496100 0.77490000 2.00708700 0.77490000 2.01102400 0.77490000 1 P 0 Y
A 2.00708700 0.77490000 2.01496100 0.77490000 2.01102400 0.77490000 1 P 0 Y
L 0.894478 0.211514 0.874421 0.211514 2 P 0
L 0.894478 0.170373 0.874421 0.170373 2 P 0
L 0.641733 0.375983 0.641733 0.612203 2 P 0
L 0.748032 0.277558 1.23228 0.277558 2 P 0
L 1.23228 0.710629 0.751969 0.710629 2 P 0
L 1.23228 0.277558 1.23228 0.710629 2 P 0
L 0.980906 0.179133 0.980906 0.167518 2 P 0
L 0.980906 0.179133 0.99252 0.179133 2 P 0
L 0.980906 0.061022 0.980906 0.072636 2 P 0
L 0.980906 0.061022 0.99252 0.061022 2 P 0
L 1.09902 0.179133 1.0874 0.179133 2 P 0
L 1.09902 0.179133 1.09902 0.167518 2 P 0
L 1.09902 0.061022 1.0874 0.061022 2 P 0
L 1.09902 0.061022 1.09902 0.072636 2 P 0
A 1.07342600 0.21751800 1.06555200 0.21751800 1.06948900 0.21751800 1 P 0 Y
A 1.06555200 0.21751800 1.07342600 0.21751800 1.06948900 0.21751800 1 P 0 Y
S N 0
OB 0.3527470000 0.2184120000 I
OS 0.3485700000 0.2182070000
OS 0.3482820000 0.2182070000
OS 0.3441040000 0.2184120000
OS 0.3438140000 0.2184400000
OS 0.3396770000 0.2190550000
OS 0.3393930000 0.2191110000
OS 0.3353360000 0.2201260000
OS 0.3350580000 0.2202110000
OS 0.3311190000 0.2216210000
OS 0.3308520000 0.2217320000
OS 0.3270720000 0.2235190000
OS 0.3268170000 0.2236560000
OS 0.3232290000 0.2258060000
OS 0.3229880000 0.2259670000
OS 0.3196280000 0.2284590000
OS 0.3194030000 0.2286430000
OS 0.3163050000 0.2314520000
OS 0.3161000000 0.2316570000
OS 0.3132910000 0.2347550000
OS 0.3131070000 0.2349800000
OS 0.3106150000 0.2383400000
OS 0.3104540000 0.2385810000
OS 0.3083040000 0.2421690000
OS 0.3081670000 0.2424240000
OS 0.3063800000 0.2462040000
OS 0.3062690000 0.2464710000
OS 0.3048590000 0.2504100000
OS 0.3047740000 0.2506880000
OS 0.3037590000 0.2547450000
OS 0.3037030000 0.2550290000
OS 0.3030880000 0.2591660000
OS 0.3030600000 0.2594560000
OS 0.3028550000 0.2636340000
OS 0.3028550000 0.2639220000
OS 0.3030600000 0.2680990000
OS 0.3030880000 0.2683890000
OS 0.3037030000 0.2725260000
OS 0.3037590000 0.2728100000
OS 0.3047740000 0.2768670000
OS 0.3048590000 0.2771450000
OS 0.3062690000 0.2810840000
OS 0.3063800000 0.2813510000
OS 0.3081670000 0.2851310000
OS 0.3083040000 0.2853860000
OS 0.3104540000 0.2889740000
OS 0.3106150000 0.2892150000
OS 0.3131070000 0.2925750000
OS 0.3132910000 0.2928000000
OS 0.3161000000 0.2958980000
OS 0.3163050000 0.2961030000
OS 0.3194030000 0.2989120000
OS 0.3196280000 0.2990960000
OS 0.3229880000 0.3015880000
OS 0.3232290000 0.3017490000
OS 0.3268170000 0.3038990000
OS 0.3270720000 0.3040360000
OS 0.3308520000 0.3058230000
OS 0.3311190000 0.3059340000
OS 0.3350580000 0.3073440000
OS 0.3353360000 0.3074290000
OS 0.3393930000 0.3084440000
OS 0.3396770000 0.3085000000
OS 0.3438140000 0.3091150000
OS 0.3441030000 0.3091430000
OS 0.3482810000 0.3093490000
OS 0.3485710000 0.3093490000
OS 0.3527480000 0.3091430000
OS 0.3530370000 0.3091150000
OS 0.3571740000 0.3085000000
OS 0.3574580000 0.3084440000
OS 0.3615150000 0.3074290000
OS 0.3617930000 0.3073440000
OS 0.3657320000 0.3059340000
OS 0.3659990000 0.3058230000
OS 0.3697790000 0.3040360000
OS 0.3700340000 0.3038990000
OS 0.3736220000 0.3017490000
OS 0.3738630000 0.3015880000
OS 0.3772230000 0.2990960000
OS 0.3774480000 0.2989120000
OS 0.3805460000 0.2961030000
OS 0.3807510000 0.2958980000
OS 0.3835600000 0.2928000000
OS 0.3837440000 0.2925750000
OS 0.3862360000 0.2892150000
OS 0.3863970000 0.2889740000
OS 0.3885470000 0.2853860000
OS 0.3886840000 0.2851310000
OS 0.3904710000 0.2813510000
OS 0.3905820000 0.2810840000
OS 0.3919920000 0.2771450000
OS 0.3920770000 0.2768670000
OS 0.3930920000 0.2728100000
OS 0.3931480000 0.2725260000
OS 0.3937630000 0.2683890000
OS 0.3937910000 0.2681000000
OS 0.3939970000 0.2639230000
OS 0.3939970000 0.2636330000
OS 0.3937910000 0.2594550000
OS 0.3937630000 0.2591660000
OS 0.3931480000 0.2550290000
OS 0.3930920000 0.2547450000
OS 0.3920770000 0.2506880000
OS 0.3919920000 0.2504100000
OS 0.3905820000 0.2464710000
OS 0.3904710000 0.2462040000
OS 0.3886840000 0.2424240000
OS 0.3885470000 0.2421690000
OS 0.3863970000 0.2385810000
OS 0.3862360000 0.2383400000
OS 0.3837440000 0.2349800000
OS 0.3835600000 0.2347550000
OS 0.3807510000 0.2316570000
OS 0.3805460000 0.2314520000
OS 0.3774480000 0.2286430000
OS 0.3772230000 0.2284590000
OS 0.3738630000 0.2259670000
OS 0.3736220000 0.2258060000
OS 0.3700340000 0.2236560000
OS 0.3697790000 0.2235190000
OS 0.3659990000 0.2217320000
OS 0.3657320000 0.2216210000
OS 0.3617930000 0.2202110000
OS 0.3615150000 0.2201260000
OS 0.3574580000 0.2191110000
OS 0.3571740000 0.2190550000
OS 0.3530370000 0.2184400000
OS 0.3527470000 0.2184120000
OE
SE
S N 0
OB 0.0968410000 0.0412470000 I
OS 0.0926630000 0.0410420000
OS 0.0923750000 0.0410420000
OS 0.0881980000 0.0412470000
OS 0.0879080000 0.0412750000
OS 0.0837710000 0.0418900000
OS 0.0834870000 0.0419460000
OS 0.0794300000 0.0429610000
OS 0.0791520000 0.0430460000
OS 0.0752130000 0.0444560000
OS 0.0749460000 0.0445670000
OS 0.0711660000 0.0463540000
OS 0.0709110000 0.0464910000
OS 0.0673230000 0.0486410000
OS 0.0670820000 0.0488020000
OS 0.0637220000 0.0512940000
OS 0.0634970000 0.0514780000
OS 0.0603990000 0.0542870000
OS 0.0601940000 0.0544920000
OS 0.0573850000 0.0575900000
OS 0.0572010000 0.0578150000
OS 0.0547090000 0.0611750000
OS 0.0545480000 0.0614160000
OS 0.0523980000 0.0650040000
OS 0.0522610000 0.0652590000
OS 0.0504740000 0.0690390000
OS 0.0503630000 0.0693060000
OS 0.0489530000 0.0732450000
OS 0.0488680000 0.0735230000
OS 0.0478530000 0.0775800000
OS 0.0477970000 0.0778640000
OS 0.0471820000 0.0820010000
OS 0.0471540000 0.0822910000
OS 0.0469490000 0.0864690000
OS 0.0469490000 0.0867570000
OS 0.0471540000 0.0909340000
OS 0.0471820000 0.0912240000
OS 0.0477970000 0.0953610000
OS 0.0478530000 0.0956450000
OS 0.0488680000 0.0997020000
OS 0.0489530000 0.0999800000
OS 0.0503630000 0.1039190000
OS 0.0504740000 0.1041860000
OS 0.0522610000 0.1079660000
OS 0.0523980000 0.1082210000
OS 0.0545480000 0.1118090000
OS 0.0547090000 0.1120500000
OS 0.0572010000 0.1154100000
OS 0.0573850000 0.1156350000
OS 0.0601940000 0.1187330000
OS 0.0603990000 0.1189380000
OS 0.0634970000 0.1217470000
OS 0.0637220000 0.1219310000
OS 0.0670820000 0.1244230000
OS 0.0673230000 0.1245840000
OS 0.0709110000 0.1267340000
OS 0.0711660000 0.1268710000
OS 0.0749460000 0.1286580000
OS 0.0752130000 0.1287690000
OS 0.0791520000 0.1301790000
OS 0.0794300000 0.1302640000
OS 0.0834870000 0.1312790000
OS 0.0837710000 0.1313350000
OS 0.0879080000 0.1319500000
OS 0.0881970000 0.1319780000
OS 0.0923750000 0.1321840000
OS 0.0926650000 0.1321840000
OS 0.0968420000 0.1319780000
OS 0.0971310000 0.1319500000
OS 0.1012680000 0.1313350000
OS 0.1015520000 0.1312790000
OS 0.1056090000 0.1302640000
OS 0.1058870000 0.1301790000
OS 0.1098260000 0.1287690000
OS 0.1100930000 0.1286580000
OS 0.1138730000 0.1268710000
OS 0.1141280000 0.1267340000
OS 0.1177160000 0.1245840000
OS 0.1179570000 0.1244230000
OS 0.1213170000 0.1219310000
OS 0.1215420000 0.1217470000
OS 0.1246400000 0.1189380000
OS 0.1248450000 0.1187330000
OS 0.1276540000 0.1156350000
OS 0.1278380000 0.1154100000
OS 0.1303300000 0.1120500000
OS 0.1304910000 0.1118090000
OS 0.1326410000 0.1082210000
OS 0.1327780000 0.1079660000
OS 0.1345650000 0.1041860000
OS 0.1346760000 0.1039190000
OS 0.1360860000 0.0999800000
OS 0.1361710000 0.0997020000
OS 0.1371860000 0.0956450000
OS 0.1372420000 0.0953610000
OS 0.1378570000 0.0912240000
OS 0.1378850000 0.0909350000
OS 0.1380910000 0.0867580000
OS 0.1380910000 0.0864680000
OS 0.1378850000 0.0822900000
OS 0.1378570000 0.0820010000
OS 0.1372420000 0.0778640000
OS 0.1371860000 0.0775800000
OS 0.1361710000 0.0735230000
OS 0.1360860000 0.0732450000
OS 0.1346760000 0.0693060000
OS 0.1345650000 0.0690390000
OS 0.1327780000 0.0652590000
OS 0.1326410000 0.0650040000
OS 0.1304910000 0.0614160000
OS 0.1303300000 0.0611750000
OS 0.1278380000 0.0578150000
OS 0.1276540000 0.0575900000
OS 0.1248450000 0.0544920000
OS 0.1246400000 0.0542870000
OS 0.1215420000 0.0514780000
OS 0.1213170000 0.0512940000
OS 0.1179570000 0.0488020000
OS 0.1177160000 0.0486410000
OS 0.1141280000 0.0464910000
OS 0.1138730000 0.0463540000
OS 0.1100930000 0.0445670000
OS 0.1098260000 0.0444560000
OS 0.1058870000 0.0430460000
OS 0.1056090000 0.0429610000
OS 0.1015520000 0.0419460000
OS 0.1012680000 0.0418900000
OS 0.0971310000 0.0412750000
OS 0.0968410000 0.0412470000
OE
SE
S N 0
OB 0.0968410000 0.2184120000 I
OS 0.0926630000 0.2182070000
OS 0.0923750000 0.2182070000
OS 0.0881980000 0.2184120000
OS 0.0879080000 0.2184400000
OS 0.0837710000 0.2190550000
OS 0.0834870000 0.2191110000
OS 0.0794300000 0.2201260000
OS 0.0791520000 0.2202110000
OS 0.0752130000 0.2216210000
OS 0.0749460000 0.2217320000
OS 0.0711660000 0.2235190000
OS 0.0709110000 0.2236560000
OS 0.0673230000 0.2258060000
OS 0.0670820000 0.2259670000
OS 0.0637220000 0.2284590000
OS 0.0634970000 0.2286430000
OS 0.0603990000 0.2314520000
OS 0.0601940000 0.2316570000
OS 0.0573850000 0.2347550000
OS 0.0572010000 0.2349800000
OS 0.0547090000 0.2383400000
OS 0.0545480000 0.2385810000
OS 0.0523980000 0.2421690000
OS 0.0522610000 0.2424240000
OS 0.0504740000 0.2462040000
OS 0.0503630000 0.2464710000
OS 0.0489530000 0.2504100000
OS 0.0488680000 0.2506880000
OS 0.0478530000 0.2547450000
OS 0.0477970000 0.2550290000
OS 0.0471820000 0.2591660000
OS 0.0471540000 0.2594560000
OS 0.0469490000 0.2636340000
OS 0.0469490000 0.2639220000
OS 0.0471540000 0.2680990000
OS 0.0471820000 0.2683890000
OS 0.0477970000 0.2725260000
OS 0.0478530000 0.2728100000
OS 0.0488680000 0.2768670000
OS 0.0489530000 0.2771450000
OS 0.0503630000 0.2810840000
OS 0.0504740000 0.2813510000
OS 0.0522610000 0.2851310000
OS 0.0523980000 0.2853860000
OS 0.0545480000 0.2889740000
OS 0.0547090000 0.2892150000
OS 0.0572010000 0.2925750000
OS 0.0573850000 0.2928000000
OS 0.0601940000 0.2958980000
OS 0.0603990000 0.2961030000
OS 0.0634970000 0.2989120000
OS 0.0637220000 0.2990960000
OS 0.0670820000 0.3015880000
OS 0.0673230000 0.3017490000
OS 0.0709110000 0.3038990000
OS 0.0711660000 0.3040360000
OS 0.0749460000 0.3058230000
OS 0.0752130000 0.3059340000
OS 0.0791520000 0.3073440000
OS 0.0794300000 0.3074290000
OS 0.0834870000 0.3084440000
OS 0.0837710000 0.3085000000
OS 0.0879080000 0.3091150000
OS 0.0881970000 0.3091430000
OS 0.0923750000 0.3093490000
OS 0.0926650000 0.3093490000
OS 0.0968420000 0.3091430000
OS 0.0971310000 0.3091150000
OS 0.1012680000 0.3085000000
OS 0.1015520000 0.3084440000
OS 0.1056090000 0.3074290000
OS 0.1058870000 0.3073440000
OS 0.1098260000 0.3059340000
OS 0.1100930000 0.3058230000
OS 0.1138730000 0.3040360000
OS 0.1141280000 0.3038990000
OS 0.1177160000 0.3017490000
OS 0.1179570000 0.3015880000
OS 0.1213170000 0.2990960000
OS 0.1215420000 0.2989120000
OS 0.1246400000 0.2961030000
OS 0.1248450000 0.2958980000
OS 0.1276540000 0.2928000000
OS 0.1278380000 0.2925750000
OS 0.1303300000 0.2892150000
OS 0.1304910000 0.2889740000
OS 0.1326410000 0.2853860000
OS 0.1327780000 0.2851310000
OS 0.1345650000 0.2813510000
OS 0.1346760000 0.2810840000
OS 0.1360860000 0.2771450000
OS 0.1361710000 0.2768670000
OS 0.1371860000 0.2728100000
OS 0.1372420000 0.2725260000
OS 0.1378570000 0.2683890000
OS 0.1378850000 0.2681000000
OS 0.1380910000 0.2639230000
OS 0.1380910000 0.2636330000
OS 0.1378850000 0.2594550000
OS 0.1378570000 0.2591660000
OS 0.1372420000 0.2550290000
OS 0.1371860000 0.2547450000
OS 0.1361710000 0.2506880000
OS 0.1360860000 0.2504100000
OS 0.1346760000 0.2464710000
OS 0.1345650000 0.2462040000
OS 0.1327780000 0.2424240000
OS 0.1326410000 0.2421690000
OS 0.1304910000 0.2385810000
OS 0.1303300000 0.2383400000
OS 0.1278380000 0.2349800000
OS 0.1276540000 0.2347550000
OS 0.1248450000 0.2316570000
OS 0.1246400000 0.2314520000
OS 0.1215420000 0.2286430000
OS 0.1213170000 0.2284590000
OS 0.1179570000 0.2259670000
OS 0.1177160000 0.2258060000
OS 0.1141280000 0.2236560000
OS 0.1138730000 0.2235190000
OS 0.1100930000 0.2217320000
OS 0.1098260000 0.2216210000
OS 0.1058870000 0.2202110000
OS 0.1056090000 0.2201260000
OS 0.1015520000 0.2191110000
OS 0.1012680000 0.2190550000
OS 0.0971310000 0.2184400000
OS 0.0968410000 0.2184120000
OE
SE
S N 0
OB 0.3527470000 0.0412470000 I
OS 0.3485700000 0.0410420000
OS 0.3482820000 0.0410420000
OS 0.3441040000 0.0412470000
OS 0.3438140000 0.0412750000
OS 0.3396770000 0.0418900000
OS 0.3393930000 0.0419460000
OS 0.3353360000 0.0429610000
OS 0.3350580000 0.0430460000
OS 0.3311190000 0.0444560000
OS 0.3308520000 0.0445670000
OS 0.3270720000 0.0463540000
OS 0.3268170000 0.0464910000
OS 0.3232290000 0.0486410000
OS 0.3229880000 0.0488020000
OS 0.3196280000 0.0512940000
OS 0.3194030000 0.0514780000
OS 0.3163050000 0.0542870000
OS 0.3161000000 0.0544920000
OS 0.3132910000 0.0575900000
OS 0.3131070000 0.0578150000
OS 0.3106150000 0.0611750000
OS 0.3104540000 0.0614160000
OS 0.3083040000 0.0650040000
OS 0.3081670000 0.0652590000
OS 0.3063800000 0.0690390000
OS 0.3062690000 0.0693060000
OS 0.3048590000 0.0732450000
OS 0.3047740000 0.0735230000
OS 0.3037590000 0.0775800000
OS 0.3037030000 0.0778640000
OS 0.3030880000 0.0820010000
OS 0.3030600000 0.0822910000
OS 0.3028550000 0.0864690000
OS 0.3028550000 0.0867570000
OS 0.3030600000 0.0909340000
OS 0.3030880000 0.0912240000
OS 0.3037030000 0.0953610000
OS 0.3037590000 0.0956450000
OS 0.3047740000 0.0997020000
OS 0.3048590000 0.0999800000
OS 0.3062690000 0.1039190000
OS 0.3063800000 0.1041860000
OS 0.3081670000 0.1079660000
OS 0.3083040000 0.1082210000
OS 0.3104540000 0.1118090000
OS 0.3106150000 0.1120500000
OS 0.3131070000 0.1154100000
OS 0.3132910000 0.1156350000
OS 0.3161000000 0.1187330000
OS 0.3163050000 0.1189380000
OS 0.3194030000 0.1217470000
OS 0.3196280000 0.1219310000
OS 0.3229880000 0.1244230000
OS 0.3232290000 0.1245840000
OS 0.3268170000 0.1267340000
OS 0.3270720000 0.1268710000
OS 0.3308520000 0.1286580000
OS 0.3311190000 0.1287690000
OS 0.3350580000 0.1301790000
OS 0.3353360000 0.1302640000
OS 0.3393930000 0.1312790000
OS 0.3396770000 0.1313350000
OS 0.3438140000 0.1319500000
OS 0.3441030000 0.1319780000
OS 0.3482810000 0.1321840000
OS 0.3485710000 0.1321840000
OS 0.3527480000 0.1319780000
OS 0.3530370000 0.1319500000
OS 0.3571740000 0.1313350000
OS 0.3574580000 0.1312790000
OS 0.3615150000 0.1302640000
OS 0.3617930000 0.1301790000
OS 0.3657320000 0.1287690000
OS 0.3659990000 0.1286580000
OS 0.3697790000 0.1268710000
OS 0.3700340000 0.1267340000
OS 0.3736220000 0.1245840000
OS 0.3738630000 0.1244230000
OS 0.3772230000 0.1219310000
OS 0.3774480000 0.1217470000
OS 0.3805460000 0.1189380000
OS 0.3807510000 0.1187330000
OS 0.3835600000 0.1156350000
OS 0.3837440000 0.1154100000
OS 0.3862360000 0.1120500000
OS 0.3863970000 0.1118090000
OS 0.3885470000 0.1082210000
OS 0.3886840000 0.1079660000
OS 0.3904710000 0.1041860000
OS 0.3905820000 0.1039190000
OS 0.3919920000 0.0999800000
OS 0.3920770000 0.0997020000
OS 0.3930920000 0.0956450000
OS 0.3931480000 0.0953610000
OS 0.3937630000 0.0912240000
OS 0.3937910000 0.0909350000
OS 0.3939970000 0.0867580000
OS 0.3939970000 0.0864680000
OS 0.3937910000 0.0822900000
OS 0.3937630000 0.0820010000
OS 0.3931480000 0.0778640000
OS 0.3930920000 0.0775800000
OS 0.3920770000 0.0735230000
OS 0.3919920000 0.0732450000
OS 0.3905820000 0.0693060000
OS 0.3904710000 0.0690390000
OS 0.3886840000 0.0652590000
OS 0.3885470000 0.0650040000
OS 0.3863970000 0.0614160000
OS 0.3862360000 0.0611750000
OS 0.3837440000 0.0578150000
OS 0.3835600000 0.0575900000
OS 0.3807510000 0.0544920000
OS 0.3805460000 0.0542870000
OS 0.3774480000 0.0514780000
OS 0.3772230000 0.0512940000
OS 0.3738630000 0.0488020000
OS 0.3736220000 0.0486410000
OS 0.3700340000 0.0464910000
OS 0.3697790000 0.0463540000
OS 0.3659990000 0.0445670000
OS 0.3657320000 0.0444560000
OS 0.3617930000 0.0430460000
OS 0.3615150000 0.0429610000
OS 0.3574580000 0.0419460000
OS 0.3571740000 0.0418900000
OS 0.3530370000 0.0412750000
OS 0.3527470000 0.0412470000
OE
SE
S N 0
OB 0.4915880000 0.0814120000 I
OS 0.4913000000 0.0813970000
OS 0.4713000000 0.0813970000
OS 0.4710120000 0.0814120000
OS 0.4687100000 0.0816370000
OS 0.4686850000 0.0816420000
OS 0.4685770000 0.0816150000
OS 0.4657730000 0.0824660000
OS 0.4652360000 0.0826890000
OS 0.4630560000 0.0838550000
OS 0.4625760000 0.0841760000
OS 0.4606650000 0.0857430000
OS 0.4602550000 0.0861540000
OS 0.4586860000 0.0880650000
OS 0.4583640000 0.0885470000
OS 0.4571990000 0.0907270000
OS 0.4569770000 0.0912600000
OS 0.4563540000 0.0933080000
OS 0.4563560000 0.0933160000
OS 0.4562610000 0.0936290000
OS 0.4561470000 0.0942000000
OS 0.4559220000 0.0965020000
OS 0.4559070000 0.0967900000
OS 0.4559070000 0.1158060000
OS 0.4559220000 0.1160940000
OS 0.4561470000 0.1183950000
OS 0.4562600000 0.1189660000
OS 0.4569780000 0.1213310000
OS 0.4572000000 0.1218670000
OS 0.4583640000 0.1240470000
OS 0.4586870000 0.1245300000
OS 0.4602560000 0.1264410000
OS 0.4606660000 0.1268520000
OS 0.4625770000 0.1284190000
OS 0.4630580000 0.1287400000
OS 0.4652370000 0.1299060000
OS 0.4657740000 0.1301280000
OS 0.4681400000 0.1308460000
OS 0.4687110000 0.1309590000
OS 0.4710120000 0.1311840000
OS 0.4713000000 0.1311990000
OS 0.4913000000 0.1311990000
OS 0.4915880000 0.1311840000
OS 0.4938890000 0.1309590000
OS 0.4944600000 0.1308460000
OS 0.4968260000 0.1301280000
OS 0.4973630000 0.1299060000
OS 0.4995420000 0.1287400000
OS 0.5000230000 0.1284190000
OS 0.5019340000 0.1268520000
OS 0.5023440000 0.1264410000
OS 0.5039130000 0.1245300000
OS 0.5042360000 0.1240470000
OS 0.5054000000 0.1218670000
OS 0.5056220000 0.1213310000
OS 0.5063400000 0.1189660000
OS 0.5064530000 0.1183950000
OS 0.5066780000 0.1160940000
OS 0.5066930000 0.1158060000
OS 0.5066930000 0.0967900000
OS 0.5066780000 0.0965020000
OS 0.5064530000 0.0942010000
OS 0.5063400000 0.0936300000
OS 0.5056220000 0.0912650000
OS 0.5054000000 0.0907290000
OS 0.5042360000 0.0885490000
OS 0.5039130000 0.0880660000
OS 0.5023440000 0.0861550000
OS 0.5019340000 0.0857440000
OS 0.5000230000 0.0841770000
OS 0.4995420000 0.0838560000
OS 0.4973630000 0.0826900000
OS 0.4968260000 0.0824680000
OS 0.4944600000 0.0817500000
OS 0.4938890000 0.0816370000
OS 0.4915880000 0.0814120000
OE
SE
S N 0
OB 0.5634470000 0.0814100000 I
OS 0.5631540000 0.0813950000
OS 0.5431480000 0.0813950000
OS 0.5428580000 0.0814100000
OS 0.5401630000 0.0816750000
OS 0.5401180000 0.0817250000
OS 0.5399900000 0.0817500000
OS 0.5376240000 0.0824680000
OS 0.5370870000 0.0826900000
OS 0.5349080000 0.0838560000
OS 0.5344270000 0.0841770000
OS 0.5325160000 0.0857440000
OS 0.5321060000 0.0861550000
OS 0.5305370000 0.0880660000
OS 0.5302140000 0.0885490000
OS 0.5290500000 0.0907290000
OS 0.5288280000 0.0912650000
OS 0.5281100000 0.0936300000
OS 0.5279970000 0.0942010000
OS 0.5277720000 0.0965020000
OS 0.5277570000 0.0967900000
OS 0.5277570000 0.1158060000
OS 0.5277720000 0.1160940000
OS 0.5279970000 0.1183950000
OS 0.5281100000 0.1189660000
OS 0.5288280000 0.1213310000
OS 0.5290500000 0.1218670000
OS 0.5302140000 0.1240470000
OS 0.5305370000 0.1245300000
OS 0.5321060000 0.1264410000
OS 0.5325160000 0.1268520000
OS 0.5344270000 0.1284190000
OS 0.5349080000 0.1287400000
OS 0.5370870000 0.1299060000
OS 0.5376240000 0.1301280000
OS 0.5399900000 0.1308460000
OS 0.5405610000 0.1309590000
OS 0.5428620000 0.1311840000
OS 0.5431500000 0.1311990000
OS 0.5631500000 0.1311990000
OS 0.5634380000 0.1311840000
OS 0.5657390000 0.1309590000
OS 0.5663100000 0.1308460000
OS 0.5686760000 0.1301280000
OS 0.5692130000 0.1299060000
OS 0.5713920000 0.1287400000
OS 0.5718730000 0.1284190000
OS 0.5737840000 0.1268520000
OS 0.5741940000 0.1264410000
OS 0.5757630000 0.1245300000
OS 0.5760860000 0.1240470000
OS 0.5772500000 0.1218670000
OS 0.5774720000 0.1213310000
OS 0.5780470000 0.1194350000
OS 0.5782170000 0.1192810000
OS 0.5785300000 0.1160970000
OS 0.5785450000 0.1158080000
OS 0.5785450000 0.0967890000
OS 0.5785300000 0.0965000000
OS 0.5782180000 0.0933140000
OS 0.5780470000 0.0931590000
OS 0.5774720000 0.0912650000
OS 0.5772500000 0.0907290000
OS 0.5760860000 0.0885490000
OS 0.5757630000 0.0880660000
OS 0.5741940000 0.0861550000
OS 0.5737840000 0.0857440000
OS 0.5718730000 0.0841770000
OS 0.5713920000 0.0838560000
OS 0.5692130000 0.0826900000
OS 0.5686760000 0.0824680000
OS 0.5663090000 0.0817500000
OS 0.5661800000 0.0817240000
OS 0.5661380000 0.0816780000
OS 0.5634470000 0.0814100000
OE
SE
S N 0
OB 0.9250860000 0.1030500000 I
OS 0.9250840000 0.1030480000
OS 0.9117280000 0.1030480000
OS 0.9117260000 0.1030500000
OS 0.9064370000 0.1030500000
OS 0.9061490000 0.1030650000
OS 0.9038480000 0.1032900000
OS 0.9032770000 0.1034030000
OS 0.9009110000 0.1041210000
OS 0.9003730000 0.1043440000
OS 0.8981950000 0.1055090000
OS 0.8977150000 0.1058300000
OS 0.8958040000 0.1073970000
OS 0.8953940000 0.1078080000
OS 0.8938250000 0.1097190000
OS 0.8935020000 0.1102020000
OS 0.8923380000 0.1123820000
OS 0.8921160000 0.1129180000
OS 0.8913990000 0.1152820000
OS 0.8912850000 0.1158510000
OS 0.8910590000 0.1181510000
OS 0.8910440000 0.1184410000
OS 0.8910440000 0.1374610000
OS 0.8910590000 0.1377510000
OS 0.8912850000 0.1400510000
OS 0.8913990000 0.1406200000
OS 0.8921160000 0.1429840000
OS 0.8923380000 0.1435200000
OS 0.8935020000 0.1457000000
OS 0.8938250000 0.1461830000
OS 0.8953940000 0.1480940000
OS 0.8958040000 0.1485050000
OS 0.8977150000 0.1500720000
OS 0.8981950000 0.1503930000
OS 0.9003730000 0.1515580000
OS 0.9009110000 0.1517810000
OS 0.9032770000 0.1524990000
OS 0.9038480000 0.1526120000
OS 0.9061490000 0.1528370000
OS 0.9064370000 0.1528520000
OS 0.9303750000 0.1528520000
OS 0.9306630000 0.1528370000
OS 0.9329640000 0.1526120000
OS 0.9335350000 0.1524990000
OS 0.9359010000 0.1517810000
OS 0.9364390000 0.1515580000
OS 0.9386170000 0.1503930000
OS 0.9390970000 0.1500720000
OS 0.9410080000 0.1485050000
OS 0.9414180000 0.1480940000
OS 0.9429870000 0.1461830000
OS 0.9433100000 0.1457000000
OS 0.9444740000 0.1435200000
OS 0.9446960000 0.1429840000
OS 0.9454130000 0.1406200000
OS 0.9455270000 0.1400510000
OS 0.9457530000 0.1377510000
OS 0.9457680000 0.1374610000
OS 0.9457680000 0.1204490000
OS 0.9457700000 0.1204440000
OS 0.9457700000 0.1184410000
OS 0.9457550000 0.1181510000
OS 0.9455290000 0.1158510000
OS 0.9454150000 0.1152820000
OS 0.9446980000 0.1129170000
OS 0.9444760000 0.1123810000
OS 0.9433100000 0.1102000000
OS 0.9429880000 0.1097180000
OS 0.9414190000 0.1078060000
OS 0.9410060000 0.1073940000
OS 0.9390950000 0.1058290000
OS 0.9386160000 0.1055090000
OS 0.9364390000 0.1043440000
OS 0.9359010000 0.1041210000
OS 0.9335350000 0.1034030000
OS 0.9329640000 0.1032900000
OS 0.9306630000 0.1030650000
OS 0.9303750000 0.1030500000
OS 0.9250860000 0.1030500000
OE
SE
S N 0
OB 0.8631300000 0.1031020000 I
OS 0.8630760000 0.1030480000
OS 0.8379070000 0.1030480000
OS 0.8378530000 0.1031020000
OS 0.8359350000 0.1032900000
OS 0.8353640000 0.1034030000
OS 0.8329980000 0.1041210000
OS 0.8324600000 0.1043440000
OS 0.8302820000 0.1055090000
OS 0.8298020000 0.1058300000
OS 0.8278910000 0.1073970000
OS 0.8274810000 0.1078080000
OS 0.8259120000 0.1097190000
OS 0.8255890000 0.1102020000
OS 0.8244250000 0.1123820000
OS 0.8242030000 0.1129180000
OS 0.8236280000 0.1148130000
OS 0.8234570000 0.1149680000
OS 0.8231440000 0.1181520000
OS 0.8231290000 0.1184410000
OS 0.8231290000 0.1374610000
OS 0.8231440000 0.1377500000
OS 0.8234570000 0.1409340000
OS 0.8236280000 0.1410890000
OS 0.8242030000 0.1429840000
OS 0.8244250000 0.1435200000
OS 0.8255890000 0.1457000000
OS 0.8259120000 0.1461830000
OS 0.8274810000 0.1480940000
OS 0.8278910000 0.1485050000
OS 0.8298020000 0.1500720000
OS 0.8302820000 0.1503930000
OS 0.8324600000 0.1515580000
OS 0.8329980000 0.1517810000
OS 0.8353640000 0.1524990000
OS 0.8359350000 0.1526120000
OS 0.8378530000 0.1528000000
OS 0.8379070000 0.1528540000
OS 0.8630760000 0.1528540000
OS 0.8631300000 0.1528000000
OS 0.8650510000 0.1526120000
OS 0.8656220000 0.1524990000
OS 0.8679880000 0.1517810000
OS 0.8685260000 0.1515580000
OS 0.8707040000 0.1503930000
OS 0.8711840000 0.1500720000
OS 0.8730950000 0.1485050000
OS 0.8735050000 0.1480940000
OS 0.8750740000 0.1461830000
OS 0.8753970000 0.1457000000
OS 0.8765610000 0.1435200000
OS 0.8767830000 0.1429840000
OS 0.8775000000 0.1406200000
OS 0.8776140000 0.1400510000
OS 0.8778400000 0.1377510000
OS 0.8778550000 0.1374610000
OS 0.8778550000 0.1184410000
OS 0.8778400000 0.1181510000
OS 0.8776140000 0.1158510000
OS 0.8775000000 0.1152820000
OS 0.8767830000 0.1129180000
OS 0.8765610000 0.1123820000
OS 0.8753970000 0.1102020000
OS 0.8750740000 0.1097190000
OS 0.8735050000 0.1078080000
OS 0.8730950000 0.1073970000
OS 0.8711840000 0.1058300000
OS 0.8707040000 0.1055090000
OS 0.8685260000 0.1043440000
OS 0.8679880000 0.1041210000
OS 0.8656220000 0.1034030000
OS 0.8650510000 0.1032900000
OS 0.8631300000 0.1031020000
OE
SE
S N 0
OB 0.5786980000 0.3043450000 I
OS 0.5784080000 0.3043300000
OS 0.5593880000 0.3043300000
OS 0.5590980000 0.3043450000
OS 0.5567980000 0.3045710000
OS 0.5562290000 0.3046850000
OS 0.5538650000 0.3054020000
OS 0.5533290000 0.3056240000
OS 0.5511490000 0.3067880000
OS 0.5506660000 0.3071110000
OS 0.5487550000 0.3086800000
OS 0.5483440000 0.3090900000
OS 0.5467770000 0.3110010000
OS 0.5464560000 0.3114810000
OS 0.5452910000 0.3136590000
OS 0.5450680000 0.3141970000
OS 0.5443500000 0.3165630000
OS 0.5442370000 0.3171340000
OS 0.5440490000 0.3190530000
OS 0.5439950000 0.3191070000
OS 0.5439950000 0.3442750000
OS 0.5440490000 0.3443290000
OS 0.5442370000 0.3462500000
OS 0.5443500000 0.3468210000
OS 0.5450680000 0.3491870000
OS 0.5452910000 0.3497250000
OS 0.5464560000 0.3519030000
OS 0.5467770000 0.3523830000
OS 0.5483440000 0.3542940000
OS 0.5487550000 0.3547040000
OS 0.5506660000 0.3562730000
OS 0.5511490000 0.3565960000
OS 0.5533290000 0.3577600000
OS 0.5538650000 0.3579820000
OS 0.5562290000 0.3586990000
OS 0.5567980000 0.3588130000
OS 0.5590980000 0.3590390000
OS 0.5593880000 0.3590540000
OS 0.5784080000 0.3590540000
OS 0.5786980000 0.3590390000
OS 0.5809980000 0.3588130000
OS 0.5815670000 0.3586990000
OS 0.5839310000 0.3579820000
OS 0.5844670000 0.3577600000
OS 0.5866470000 0.3565960000
OS 0.5871300000 0.3562730000
OS 0.5890410000 0.3547040000
OS 0.5894520000 0.3542940000
OS 0.5910190000 0.3523830000
OS 0.5913400000 0.3519030000
OS 0.5925050000 0.3497250000
OS 0.5927280000 0.3491870000
OS 0.5934460000 0.3468210000
OS 0.5935590000 0.3462500000
OS 0.5937840000 0.3439490000
OS 0.5937990000 0.3436610000
OS 0.5937990000 0.3197230000
OS 0.5937840000 0.3194350000
OS 0.5935590000 0.3171340000
OS 0.5934460000 0.3165630000
OS 0.5927280000 0.3141970000
OS 0.5925050000 0.3136590000
OS 0.5913400000 0.3114810000
OS 0.5910190000 0.3110010000
OS 0.5894520000 0.3090900000
OS 0.5890410000 0.3086800000
OS 0.5871300000 0.3071110000
OS 0.5866470000 0.3067880000
OS 0.5844670000 0.3056240000
OS 0.5839310000 0.3054020000
OS 0.5815670000 0.3046850000
OS 0.5809980000 0.3045710000
OS 0.5786980000 0.3043450000
OE
SE
S N 0
OB 0.5786980000 0.2364310000 I
OS 0.5784080000 0.2364160000
OS 0.5593880000 0.2364160000
OS 0.5590980000 0.2364310000
OS 0.5567980000 0.2366570000
OS 0.5562290000 0.2367710000
OS 0.5538650000 0.2374880000
OS 0.5533290000 0.2377100000
OS 0.5511490000 0.2388740000
OS 0.5506660000 0.2391970000
OS 0.5487550000 0.2407660000
OS 0.5483440000 0.2411760000
OS 0.5467770000 0.2430870000
OS 0.5464560000 0.2435670000
OS 0.5452910000 0.2457450000
OS 0.5450680000 0.2462830000
OS 0.5443500000 0.2486490000
OS 0.5442370000 0.2492200000
OS 0.5440120000 0.2515210000
OS 0.5439970000 0.2518090000
OS 0.5439970000 0.2757470000
OS 0.5440120000 0.2760350000
OS 0.5442370000 0.2783360000
OS 0.5443500000 0.2789070000
OS 0.5450680000 0.2812730000
OS 0.5452910000 0.2818110000
OS 0.5464560000 0.2839890000
OS 0.5467770000 0.2844690000
OS 0.5483440000 0.2863800000
OS 0.5487550000 0.2867900000
OS 0.5506660000 0.2883590000
OS 0.5511490000 0.2886820000
OS 0.5533290000 0.2898460000
OS 0.5538650000 0.2900680000
OS 0.5562290000 0.2907850000
OS 0.5567980000 0.2908990000
OS 0.5590980000 0.2911250000
OS 0.5593880000 0.2911400000
OS 0.5784080000 0.2911400000
OS 0.5786980000 0.2911250000
OS 0.5809980000 0.2908990000
OS 0.5815670000 0.2907850000
OS 0.5839310000 0.2900680000
OS 0.5844670000 0.2898460000
OS 0.5866470000 0.2886820000
OS 0.5871300000 0.2883590000
OS 0.5890410000 0.2867900000
OS 0.5894520000 0.2863800000
OS 0.5910190000 0.2844690000
OS 0.5913400000 0.2839890000
OS 0.5925050000 0.2818110000
OS 0.5927280000 0.2812730000
OS 0.5934460000 0.2789070000
OS 0.5935590000 0.2783360000
OS 0.5937840000 0.2760350000
OS 0.5937990000 0.2757470000
OS 0.5937990000 0.2704580000
OS 0.5938010000 0.2704560000
OS 0.5938010000 0.2571000000
OS 0.5937990000 0.2570980000
OS 0.5937990000 0.2518090000
OS 0.5937840000 0.2515210000
OS 0.5935590000 0.2492200000
OS 0.5934460000 0.2486490000
OS 0.5927280000 0.2462830000
OS 0.5925050000 0.2457450000
OS 0.5913400000 0.2435670000
OS 0.5910190000 0.2430870000
OS 0.5894520000 0.2411760000
OS 0.5890410000 0.2407660000
OS 0.5871300000 0.2391970000
OS 0.5866470000 0.2388740000
OS 0.5844670000 0.2377100000
OS 0.5839310000 0.2374880000
OS 0.5815670000 0.2367710000
OS 0.5809980000 0.2366570000
OS 0.5786980000 0.2364310000
OE
SE
S N 0
OB 0.2923460000 0.5356340000 I
OS 0.2906870000 0.5351360000
OS 0.2372840000 0.5351360000
OS 0.2356540000 0.5356150000
OS 0.2336300000 0.5369160000
OS 0.2321850000 0.5395620000
OS 0.2321850000 0.5558890000
OS 0.2356450000 0.5593490000
OS 0.2906970000 0.5593490000
OS 0.2923710000 0.5588420000
OS 0.2943700000 0.5575090000
OS 0.2957680000 0.5548980000
OS 0.2957680000 0.5539980000
OS 0.2958130000 0.5539530000
OS 0.2959150000 0.5405970000
OS 0.2957680000 0.5404490000
OS 0.2957680000 0.5395790000
OS 0.2943540000 0.5369560000
OS 0.2923460000 0.5356340000
OE
SE
S N 0
OB 0.2923460000 0.5553190000 I
OS 0.2906870000 0.5548210000
OS 0.2372840000 0.5548210000
OS 0.2356540000 0.5553000000
OS 0.2336300000 0.5566010000
OS 0.2321850000 0.5592470000
OS 0.2321850000 0.5755740000
OS 0.2356450000 0.5790340000
OS 0.2906970000 0.5790340000
OS 0.2923710000 0.5785270000
OS 0.2943700000 0.5771940000
OS 0.2957680000 0.5745830000
OS 0.2957680000 0.5736830000
OS 0.2958130000 0.5736380000
OS 0.2959150000 0.5602820000
OS 0.2957680000 0.5601340000
OS 0.2957680000 0.5592640000
OS 0.2943540000 0.5566410000
OS 0.2923460000 0.5553190000
OE
SE
S N 0
OB 1.2451610000 0.0509340000 I
OS 1.2449890000 0.0507620000
OS 1.2195790000 0.0507620000
OS 1.2194070000 0.0509340000
OS 1.2186640000 0.0510320000
OS 1.2128460000 0.0525910000
OS 1.2121310000 0.0528870000
OS 1.2069140000 0.0558980000
OS 1.2063000000 0.0563700000
OS 1.2020410000 0.0606290000
OS 1.2015710000 0.0612430000
OS 1.1985580000 0.0664580000
OS 1.1982620000 0.0671740000
OS 1.1967030000 0.0729920000
OS 1.1966050000 0.0737360000
OS 1.1964340000 0.0739070000
OS 1.1964340000 0.0993180000
OS 1.1968490000 0.0997330000
OS 1.1968490000 0.1011600000
OS 1.1992850000 0.1021690000
OS 1.1998940000 0.1027780000
OS 1.2007560000 0.1027780000
OS 1.2041410000 0.1041800000
OS 1.2056650000 0.1026560000
OS 1.2645520000 0.1026560000
OS 1.2680120000 0.0991960000
OS 1.2680120000 0.0913810000
OS 1.2681340000 0.0912680000
OS 1.2681340000 0.0739070000
OS 1.2679630000 0.0737360000
OS 1.2678650000 0.0729920000
OS 1.2663060000 0.0671740000
OS 1.2660100000 0.0664580000
OS 1.2629970000 0.0612430000
OS 1.2625270000 0.0606290000
OS 1.2582680000 0.0563700000
OS 1.2576540000 0.0558980000
OS 1.2524370000 0.0528870000
OS 1.2517220000 0.0525910000
OS 1.2459040000 0.0510320000
OS 1.2451610000 0.0509340000
OE
SE
S N 0
OB 1.2680120000 0.1055250000 I
OS 1.2645520000 0.1020650000
OS 1.2000160000 0.1020650000
OS 1.1965560000 0.1055250000
OS 1.1965560000 0.1306920000
OS 1.1967240000 0.1308600000
OS 1.1967240000 0.1309460000
OS 1.1968260000 0.1317130000
OS 1.1983760000 0.1375000000
OS 1.1986720000 0.1382160000
OS 1.2016690000 0.1434030000
OS 1.2021390000 0.1440170000
OS 1.2063740000 0.1482530000
OS 1.2069890000 0.1487250000
OS 1.2121780000 0.1517200000
OS 1.2128930000 0.1520160000
OS 1.2186800000 0.1535660000
OS 1.2194470000 0.1536680000
OS 1.2195320000 0.1536680000
OS 1.2197010000 0.1538370000
OS 1.2448670000 0.1538370000
OS 1.2450360000 0.1536680000
OS 1.2451210000 0.1536680000
OS 1.2458880000 0.1535660000
OS 1.2516750000 0.1520160000
OS 1.2523900000 0.1517200000
OS 1.2575790000 0.1487250000
OS 1.2581940000 0.1482530000
OS 1.2624290000 0.1440170000
OS 1.2628990000 0.1434030000
OS 1.2658960000 0.1382160000
OS 1.2661920000 0.1375000000
OS 1.2677420000 0.1317130000
OS 1.2678440000 0.1309460000
OS 1.2678440000 0.1308600000
OS 1.2680120000 0.1306920000
OS 1.2680120000 0.1055250000
OE
SE
S N 0
OB 0.2923460000 0.6143740000 I
OS 0.2906870000 0.6138760000
OS 0.2372840000 0.6138760000
OS 0.2356540000 0.6143550000
OS 0.2336300000 0.6156560000
OS 0.2321850000 0.6183020000
OS 0.2321850000 0.6346290000
OS 0.2356450000 0.6380890000
OS 0.2906970000 0.6380890000
OS 0.2923710000 0.6375820000
OS 0.2943700000 0.6362490000
OS 0.2957680000 0.6336380000
OS 0.2957680000 0.6327380000
OS 0.2958130000 0.6326930000
OS 0.2959150000 0.6193370000
OS 0.2957680000 0.6191890000
OS 0.2957680000 0.6183190000
OS 0.2943540000 0.6156960000
OS 0.2923460000 0.6143740000
OE
SE
S N 0
OB 0.2923460000 0.5946890000 I
OS 0.2906870000 0.5941910000
OS 0.2372840000 0.5941910000
OS 0.2356540000 0.5946700000
OS 0.2336300000 0.5959710000
OS 0.2321850000 0.5986170000
OS 0.2321850000 0.5995440000
OS 0.2321410000 0.5995880000
OS 0.2320390000 0.6129440000
OS 0.2321850000 0.6130910000
OS 0.2321850000 0.6149440000
OS 0.2356450000 0.6184040000
OS 0.2906970000 0.6184040000
OS 0.2923710000 0.6178970000
OS 0.2943700000 0.6165640000
OS 0.2957680000 0.6139530000
OS 0.2957680000 0.5986340000
OS 0.2943540000 0.5960110000
OS 0.2923460000 0.5946890000
OE
SE
S N 0
OB 0.1821530000 0.6596680000 I
OS 0.1804650000 0.6591520000
OS 0.0899750000 0.6591540000
OS 0.0865150000 0.6626130000
OS 0.0865150000 0.7428970000
OS 0.0899750000 0.7463570000
OS 0.1820720000 0.7463570000
OS 0.1855320000 0.7428970000
OS 0.1855320000 0.6636140000
OS 0.1841490000 0.6610140000
OS 0.1821530000 0.6596680000
OE
SE
S N 0
OB 0.9250860000 0.0420270000 I
OS 0.9250840000 0.0420250000
OS 0.9117280000 0.0420250000
OS 0.9117260000 0.0420270000
OS 0.9064370000 0.0420270000
OS 0.9061490000 0.0420420000
OS 0.9038480000 0.0422670000
OS 0.9032770000 0.0423800000
OS 0.9009110000 0.0430980000
OS 0.9003730000 0.0433210000
OS 0.8981950000 0.0444860000
OS 0.8977150000 0.0448070000
OS 0.8958040000 0.0463740000
OS 0.8953940000 0.0467850000
OS 0.8938250000 0.0486960000
OS 0.8935020000 0.0491790000
OS 0.8923380000 0.0513590000
OS 0.8921160000 0.0518950000
OS 0.8913990000 0.0542590000
OS 0.8912850000 0.0548280000
OS 0.8910590000 0.0571280000
OS 0.8910440000 0.0574180000
OS 0.8910440000 0.0764380000
OS 0.8910590000 0.0767280000
OS 0.8912850000 0.0790280000
OS 0.8913990000 0.0795970000
OS 0.8921160000 0.0819610000
OS 0.8923380000 0.0824970000
OS 0.8935020000 0.0846770000
OS 0.8938250000 0.0851600000
OS 0.8953940000 0.0870710000
OS 0.8958040000 0.0874820000
OS 0.8977150000 0.0890490000
OS 0.8981950000 0.0893700000
OS 0.9003730000 0.0905350000
OS 0.9009110000 0.0907580000
OS 0.9032770000 0.0914760000
OS 0.9038480000 0.0915890000
OS 0.9061490000 0.0918140000
OS 0.9064370000 0.0918290000
OS 0.9117260000 0.0918290000
OS 0.9117280000 0.0918310000
OS 0.9250840000 0.0918310000
OS 0.9250860000 0.0918290000
OS 0.9303750000 0.0918290000
OS 0.9306630000 0.0918140000
OS 0.9329640000 0.0915890000
OS 0.9335350000 0.0914760000
OS 0.9359010000 0.0907580000
OS 0.9364390000 0.0905350000
OS 0.9386170000 0.0893700000
OS 0.9390970000 0.0890490000
OS 0.9410080000 0.0874820000
OS 0.9414180000 0.0870710000
OS 0.9429870000 0.0851600000
OS 0.9433100000 0.0846770000
OS 0.9444740000 0.0824970000
OS 0.9446960000 0.0819610000
OS 0.9454130000 0.0795970000
OS 0.9455270000 0.0790280000
OS 0.9457530000 0.0767280000
OS 0.9457680000 0.0764380000
OS 0.9457680000 0.0574180000
OS 0.9457530000 0.0571280000
OS 0.9455270000 0.0548280000
OS 0.9454130000 0.0542590000
OS 0.9446960000 0.0518950000
OS 0.9444740000 0.0513590000
OS 0.9433100000 0.0491790000
OS 0.9429870000 0.0486960000
OS 0.9414180000 0.0467850000
OS 0.9410080000 0.0463740000
OS 0.9390970000 0.0448070000
OS 0.9386170000 0.0444860000
OS 0.9364390000 0.0433210000
OS 0.9359010000 0.0430980000
OS 0.9335350000 0.0423800000
OS 0.9329640000 0.0422670000
OS 0.9306630000 0.0420420000
OS 0.9303750000 0.0420270000
OS 0.9250860000 0.0420270000
OE
SE
S N 0
OB 1.9153610000 0.6594190000 I
OS 1.9119560000 0.6592510000
OS 1.9116660000 0.6592510000
OS 1.9082600000 0.6594190000
OS 1.9079720000 0.6594470000
OS 1.9045990000 0.6599460000
OS 1.9043140000 0.6600030000
OS 1.9010060000 0.6608320000
OS 1.9007290000 0.6609160000
OS 1.8975190000 0.6620650000
OS 1.8972510000 0.6621750000
OS 1.8941680000 0.6636330000
OS 1.8939120000 0.6637700000
OS 1.8909870000 0.6655230000
OS 1.8907450000 0.6656850000
OS 1.8880080000 0.6677170000
OS 1.8877850000 0.6679000000
OS 1.8852580000 0.6701890000
OS 1.8850520000 0.6703950000
OS 1.8827630000 0.6729220000
OS 1.8825800000 0.6731450000
OS 1.8805480000 0.6758820000
OS 1.8803860000 0.6761240000
OS 1.8786330000 0.6790490000
OS 1.8784960000 0.6793050000
OS 1.8770380000 0.6823880000
OS 1.8769280000 0.6826560000
OS 1.8757790000 0.6858660000
OS 1.8756950000 0.6861430000
OS 1.8748660000 0.6894510000
OS 1.8748090000 0.6897360000
OS 1.8743100000 0.6931090000
OS 1.8742820000 0.6933970000
OS 1.8741140000 0.6968030000
OS 1.8741140000 0.6970930000
OS 1.8742820000 0.7004980000
OS 1.8743100000 0.7007860000
OS 1.8748090000 0.7041590000
OS 1.8748660000 0.7044440000
OS 1.8756950000 0.7077520000
OS 1.8757790000 0.7080290000
OS 1.8769280000 0.7112390000
OS 1.8770380000 0.7115070000
OS 1.8784960000 0.7145900000
OS 1.8786330000 0.7148460000
OS 1.8803860000 0.7177710000
OS 1.8805480000 0.7180130000
OS 1.8825800000 0.7207500000
OS 1.8827630000 0.7209730000
OS 1.8850520000 0.7235000000
OS 1.8852580000 0.7237060000
OS 1.8877850000 0.7259950000
OS 1.8880080000 0.7261780000
OS 1.8907450000 0.7282100000
OS 1.8909870000 0.7283720000
OS 1.8939120000 0.7301250000
OS 1.8941680000 0.7302620000
OS 1.8972510000 0.7317200000
OS 1.8975190000 0.7318300000
OS 1.9007290000 0.7329790000
OS 1.9010060000 0.7330630000
OS 1.9043140000 0.7338920000
OS 1.9045990000 0.7339490000
OS 1.9079720000 0.7344480000
OS 1.9082590000 0.7344760000
OS 1.9116650000 0.7346450000
OS 1.9119570000 0.7346450000
OS 1.9153630000 0.7344760000
OS 1.9156490000 0.7344480000
OS 1.9190220000 0.7339490000
OS 1.9193070000 0.7338920000
OS 1.9226150000 0.7330630000
OS 1.9228920000 0.7329790000
OS 1.9261020000 0.7318300000
OS 1.9263700000 0.7317200000
OS 1.9294530000 0.7302620000
OS 1.9297090000 0.7301250000
OS 1.9326340000 0.7283720000
OS 1.9328760000 0.7282100000
OS 1.9356130000 0.7261780000
OS 1.9358360000 0.7259950000
OS 1.9383630000 0.7237060000
OS 1.9385690000 0.7235000000
OS 1.9408580000 0.7209730000
OS 1.9410410000 0.7207500000
OS 1.9430730000 0.7180130000
OS 1.9432350000 0.7177710000
OS 1.9449880000 0.7148460000
OS 1.9451250000 0.7145900000
OS 1.9465830000 0.7115070000
OS 1.9466930000 0.7112390000
OS 1.9478420000 0.7080290000
OS 1.9479260000 0.7077520000
OS 1.9487550000 0.7044440000
OS 1.9488120000 0.7041590000
OS 1.9493110000 0.7007860000
OS 1.9493390000 0.7005000000
OS 1.9495080000 0.6970940000
OS 1.9495080000 0.6968020000
OS 1.9493390000 0.6933960000
OS 1.9493110000 0.6931090000
OS 1.9488120000 0.6897360000
OS 1.9487550000 0.6894510000
OS 1.9479260000 0.6861430000
OS 1.9478420000 0.6858660000
OS 1.9466930000 0.6826560000
OS 1.9465830000 0.6823880000
OS 1.9451250000 0.6793050000
OS 1.9449880000 0.6790490000
OS 1.9432350000 0.6761240000
OS 1.9430730000 0.6758820000
OS 1.9410410000 0.6731450000
OS 1.9408580000 0.6729220000
OS 1.9385690000 0.6703950000
OS 1.9383630000 0.6701890000
OS 1.9358360000 0.6679000000
OS 1.9356130000 0.6677170000
OS 1.9328760000 0.6656850000
OS 1.9326340000 0.6655230000
OS 1.9297090000 0.6637700000
OS 1.9294530000 0.6636330000
OS 1.9263700000 0.6621750000
OS 1.9261020000 0.6620650000
OS 1.9228920000 0.6609160000
OS 1.9226150000 0.6608320000
OS 1.9193070000 0.6600030000
OS 1.9190220000 0.6599460000
OS 1.9156490000 0.6594470000
OS 1.9153610000 0.6594190000
OE
SE
S N 0
OB 0.5747610000 0.4677300000 I
OS 0.5744710000 0.4677150000
OS 0.5554510000 0.4677150000
OS 0.5551610000 0.4677300000
OS 0.5528610000 0.4679560000
OS 0.5522920000 0.4680700000
OS 0.5499280000 0.4687870000
OS 0.5493920000 0.4690090000
OS 0.5472120000 0.4701730000
OS 0.5467290000 0.4704960000
OS 0.5448180000 0.4720650000
OS 0.5444070000 0.4724750000
OS 0.5428400000 0.4743860000
OS 0.5425190000 0.4748660000
OS 0.5413540000 0.4770440000
OS 0.5411310000 0.4775820000
OS 0.5404130000 0.4799480000
OS 0.5403000000 0.4805190000
OS 0.5401120000 0.4824380000
OS 0.5400580000 0.4824920000
OS 0.5400580000 0.5076630000
OS 0.5401130000 0.5077180000
OS 0.5403000000 0.5096350000
OS 0.5404130000 0.5102060000
OS 0.5411310000 0.5125720000
OS 0.5413540000 0.5131100000
OS 0.5425190000 0.5152880000
OS 0.5428400000 0.5157680000
OS 0.5444070000 0.5176790000
OS 0.5448180000 0.5180890000
OS 0.5467290000 0.5196580000
OS 0.5472120000 0.5199810000
OS 0.5493920000 0.5211450000
OS 0.5499280000 0.5213670000
OS 0.5522920000 0.5220840000
OS 0.5528610000 0.5221980000
OS 0.5551610000 0.5224240000
OS 0.5554510000 0.5224390000
OS 0.5744710000 0.5224390000
OS 0.5747610000 0.5224240000
OS 0.5770610000 0.5221980000
OS 0.5776300000 0.5220840000
OS 0.5799940000 0.5213670000
OS 0.5805300000 0.5211450000
OS 0.5827100000 0.5199810000
OS 0.5831930000 0.5196580000
OS 0.5851040000 0.5180890000
OS 0.5855150000 0.5176790000
OS 0.5870820000 0.5157680000
OS 0.5874030000 0.5152880000
OS 0.5885680000 0.5131100000
OS 0.5887910000 0.5125720000
OS 0.5895090000 0.5102060000
OS 0.5896220000 0.5096350000
OS 0.5898100000 0.5077180000
OS 0.5898640000 0.5076630000
OS 0.5898640000 0.4824920000
OS 0.5898100000 0.4824380000
OS 0.5896220000 0.4805190000
OS 0.5895090000 0.4799480000
OS 0.5887910000 0.4775820000
OS 0.5885680000 0.4770440000
OS 0.5874030000 0.4748660000
OS 0.5870820000 0.4743860000
OS 0.5855150000 0.4724750000
OS 0.5851040000 0.4720650000
OS 0.5831930000 0.4704960000
OS 0.5827100000 0.4701730000
OS 0.5805300000 0.4690090000
OS 0.5799940000 0.4687870000
OS 0.5776300000 0.4680700000
OS 0.5770610000 0.4679560000
OS 0.5747610000 0.4677300000
OE
SE
S N 0
OB 1.8153610000 0.6594190000 I
OS 1.8119560000 0.6592510000
OS 1.8116660000 0.6592510000
OS 1.8082600000 0.6594190000
OS 1.8079720000 0.6594470000
OS 1.8045990000 0.6599460000
OS 1.8043140000 0.6600030000
OS 1.8010060000 0.6608320000
OS 1.8007290000 0.6609160000
OS 1.7975190000 0.6620650000
OS 1.7972510000 0.6621750000
OS 1.7941680000 0.6636330000
OS 1.7939120000 0.6637700000
OS 1.7909870000 0.6655230000
OS 1.7907450000 0.6656850000
OS 1.7880080000 0.6677170000
OS 1.7877850000 0.6679000000
OS 1.7852580000 0.6701890000
OS 1.7850520000 0.6703950000
OS 1.7827630000 0.6729220000
OS 1.7825800000 0.6731450000
OS 1.7805480000 0.6758820000
OS 1.7803860000 0.6761240000
OS 1.7786330000 0.6790490000
OS 1.7784960000 0.6793050000
OS 1.7770380000 0.6823880000
OS 1.7769280000 0.6826560000
OS 1.7757790000 0.6858660000
OS 1.7756950000 0.6861430000
OS 1.7748660000 0.6894510000
OS 1.7748090000 0.6897360000
OS 1.7743100000 0.6931090000
OS 1.7742820000 0.6933970000
OS 1.7741140000 0.6968030000
OS 1.7741140000 0.6970930000
OS 1.7742820000 0.7004980000
OS 1.7743100000 0.7007860000
OS 1.7748090000 0.7041590000
OS 1.7748660000 0.7044440000
OS 1.7756950000 0.7077520000
OS 1.7757790000 0.7080290000
OS 1.7769280000 0.7112390000
OS 1.7770380000 0.7115070000
OS 1.7784960000 0.7145900000
OS 1.7786330000 0.7148460000
OS 1.7803860000 0.7177710000
OS 1.7805480000 0.7180130000
OS 1.7825800000 0.7207500000
OS 1.7827630000 0.7209730000
OS 1.7850520000 0.7235000000
OS 1.7852580000 0.7237060000
OS 1.7877850000 0.7259950000
OS 1.7880080000 0.7261780000
OS 1.7907450000 0.7282100000
OS 1.7909870000 0.7283720000
OS 1.7939120000 0.7301250000
OS 1.7941680000 0.7302620000
OS 1.7972510000 0.7317200000
OS 1.7975190000 0.7318300000
OS 1.8007290000 0.7329790000
OS 1.8010060000 0.7330630000
OS 1.8043140000 0.7338920000
OS 1.8045990000 0.7339490000
OS 1.8079720000 0.7344480000
OS 1.8082590000 0.7344760000
OS 1.8116650000 0.7346450000
OS 1.8119570000 0.7346450000
OS 1.8153630000 0.7344760000
OS 1.8156490000 0.7344480000
OS 1.8190220000 0.7339490000
OS 1.8193070000 0.7338920000
OS 1.8226150000 0.7330630000
OS 1.8228920000 0.7329790000
OS 1.8261020000 0.7318300000
OS 1.8263700000 0.7317200000
OS 1.8294530000 0.7302620000
OS 1.8297090000 0.7301250000
OS 1.8326340000 0.7283720000
OS 1.8328760000 0.7282100000
OS 1.8356130000 0.7261780000
OS 1.8358360000 0.7259950000
OS 1.8383630000 0.7237060000
OS 1.8385690000 0.7235000000
OS 1.8408580000 0.7209730000
OS 1.8410410000 0.7207500000
OS 1.8430730000 0.7180130000
OS 1.8432350000 0.7177710000
OS 1.8449880000 0.7148460000
OS 1.8451250000 0.7145900000
OS 1.8465830000 0.7115070000
OS 1.8466930000 0.7112390000
OS 1.8478420000 0.7080290000
OS 1.8479260000 0.7077520000
OS 1.8487550000 0.7044440000
OS 1.8488120000 0.7041590000
OS 1.8493110000 0.7007860000
OS 1.8493390000 0.7005000000
OS 1.8495080000 0.6970940000
OS 1.8495080000 0.6968020000
OS 1.8493390000 0.6933960000
OS 1.8493110000 0.6931090000
OS 1.8488120000 0.6897360000
OS 1.8487550000 0.6894510000
OS 1.8479260000 0.6861430000
OS 1.8478420000 0.6858660000
OS 1.8466930000 0.6826560000
OS 1.8465830000 0.6823880000
OS 1.8451250000 0.6793050000
OS 1.8449880000 0.6790490000
OS 1.8432350000 0.6761240000
OS 1.8430730000 0.6758820000
OS 1.8410410000 0.6731450000
OS 1.8408580000 0.6729220000
OS 1.8385690000 0.6703950000
OS 1.8383630000 0.6701890000
OS 1.8358360000 0.6679000000
OS 1.8356130000 0.6677170000
OS 1.8328760000 0.6656850000
OS 1.8326340000 0.6655230000
OS 1.8297090000 0.6637700000
OS 1.8294530000 0.6636330000
OS 1.8263700000 0.6621750000
OS 1.8261020000 0.6620650000
OS 1.8228920000 0.6609160000
OS 1.8226150000 0.6608320000
OS 1.8193070000 0.6600030000
OS 1.8190220000 0.6599460000
OS 1.8156490000 0.6594470000
OS 1.8153610000 0.6594190000
OE
SE
S N 0
OB 0.8627500000 0.0420420000 I
OS 0.8624620000 0.0420270000
OS 0.8385240000 0.0420270000
OS 0.8382360000 0.0420420000
OS 0.8359350000 0.0422670000
OS 0.8353640000 0.0423800000
OS 0.8329980000 0.0430980000
OS 0.8324600000 0.0433210000
OS 0.8302820000 0.0444860000
OS 0.8298020000 0.0448070000
OS 0.8278910000 0.0463740000
OS 0.8274810000 0.0467850000
OS 0.8259120000 0.0486960000
OS 0.8255890000 0.0491790000
OS 0.8244250000 0.0513590000
OS 0.8242030000 0.0518950000
OS 0.8236290000 0.0537870000
OS 0.8234560000 0.0539440000
OS 0.8231440000 0.0571300000
OS 0.8231290000 0.0574180000
OS 0.8231290000 0.0764380000
OS 0.8231440000 0.0767270000
OS 0.8234570000 0.0799110000
OS 0.8236280000 0.0800660000
OS 0.8242030000 0.0819610000
OS 0.8244250000 0.0824970000
OS 0.8255890000 0.0846770000
OS 0.8259120000 0.0851600000
OS 0.8274810000 0.0870710000
OS 0.8278910000 0.0874820000
OS 0.8298020000 0.0890490000
OS 0.8302820000 0.0893700000
OS 0.8324600000 0.0905350000
OS 0.8329980000 0.0907580000
OS 0.8353640000 0.0914760000
OS 0.8359350000 0.0915890000
OS 0.8378550000 0.0917770000
OS 0.8379090000 0.0918310000
OS 0.8630760000 0.0918310000
OS 0.8631300000 0.0917770000
OS 0.8650510000 0.0915890000
OS 0.8656220000 0.0914760000
OS 0.8679880000 0.0907580000
OS 0.8685260000 0.0905350000
OS 0.8707040000 0.0893700000
OS 0.8711840000 0.0890490000
OS 0.8730950000 0.0874820000
OS 0.8735050000 0.0870710000
OS 0.8750740000 0.0851600000
OS 0.8753970000 0.0846770000
OS 0.8765610000 0.0824970000
OS 0.8767830000 0.0819610000
OS 0.8775000000 0.0795970000
OS 0.8776140000 0.0790280000
OS 0.8778400000 0.0767280000
OS 0.8778550000 0.0764380000
OS 0.8778550000 0.0574180000
OS 0.8778400000 0.0571280000
OS 0.8776140000 0.0548280000
OS 0.8775000000 0.0542590000
OS 0.8767830000 0.0518950000
OS 0.8765610000 0.0513590000
OS 0.8753970000 0.0491790000
OS 0.8750740000 0.0486960000
OS 0.8735050000 0.0467850000
OS 0.8730950000 0.0463740000
OS 0.8711840000 0.0448070000
OS 0.8707040000 0.0444860000
OS 0.8685260000 0.0433210000
OS 0.8679880000 0.0430980000
OS 0.8656220000 0.0423800000
OS 0.8650510000 0.0422670000
OS 0.8627500000 0.0420420000
OE
SE
S N 0
OB 1.7153610000 0.6594190000 I
OS 1.7119560000 0.6592510000
OS 1.7116660000 0.6592510000
OS 1.7082600000 0.6594190000
OS 1.7079720000 0.6594470000
OS 1.7045990000 0.6599460000
OS 1.7043140000 0.6600030000
OS 1.7010060000 0.6608320000
OS 1.7007290000 0.6609160000
OS 1.6975190000 0.6620650000
OS 1.6972510000 0.6621750000
OS 1.6941680000 0.6636330000
OS 1.6939120000 0.6637700000
OS 1.6909870000 0.6655230000
OS 1.6907450000 0.6656850000
OS 1.6880080000 0.6677170000
OS 1.6877850000 0.6679000000
OS 1.6852580000 0.6701890000
OS 1.6850520000 0.6703950000
OS 1.6827630000 0.6729220000
OS 1.6825800000 0.6731450000
OS 1.6805480000 0.6758820000
OS 1.6803860000 0.6761240000
OS 1.6786330000 0.6790490000
OS 1.6784960000 0.6793050000
OS 1.6770380000 0.6823880000
OS 1.6769280000 0.6826560000
OS 1.6757790000 0.6858660000
OS 1.6756950000 0.6861430000
OS 1.6748660000 0.6894510000
OS 1.6748090000 0.6897360000
OS 1.6743100000 0.6931090000
OS 1.6742820000 0.6933970000
OS 1.6741140000 0.6968030000
OS 1.6741140000 0.6970930000
OS 1.6742820000 0.7004980000
OS 1.6743100000 0.7007860000
OS 1.6748090000 0.7041590000
OS 1.6748660000 0.7044440000
OS 1.6756950000 0.7077520000
OS 1.6757790000 0.7080290000
OS 1.6769280000 0.7112390000
OS 1.6770380000 0.7115070000
OS 1.6784960000 0.7145900000
OS 1.6786330000 0.7148460000
OS 1.6803860000 0.7177710000
OS 1.6805480000 0.7180130000
OS 1.6825800000 0.7207500000
OS 1.6827630000 0.7209730000
OS 1.6850520000 0.7235000000
OS 1.6852580000 0.7237060000
OS 1.6877850000 0.7259950000
OS 1.6880080000 0.7261780000
OS 1.6907450000 0.7282100000
OS 1.6909870000 0.7283720000
OS 1.6939120000 0.7301250000
OS 1.6941680000 0.7302620000
OS 1.6972510000 0.7317200000
OS 1.6975190000 0.7318300000
OS 1.7007290000 0.7329790000
OS 1.7010060000 0.7330630000
OS 1.7043140000 0.7338920000
OS 1.7045990000 0.7339490000
OS 1.7079720000 0.7344480000
OS 1.7082590000 0.7344760000
OS 1.7116650000 0.7346450000
OS 1.7119570000 0.7346450000
OS 1.7153630000 0.7344760000
OS 1.7156490000 0.7344480000
OS 1.7190220000 0.7339490000
OS 1.7193070000 0.7338920000
OS 1.7226150000 0.7330630000
OS 1.7228920000 0.7329790000
OS 1.7261020000 0.7318300000
OS 1.7263700000 0.7317200000
OS 1.7294530000 0.7302620000
OS 1.7297090000 0.7301250000
OS 1.7326340000 0.7283720000
OS 1.7328760000 0.7282100000
OS 1.7356130000 0.7261780000
OS 1.7358360000 0.7259950000
OS 1.7383630000 0.7237060000
OS 1.7385690000 0.7235000000
OS 1.7408580000 0.7209730000
OS 1.7410410000 0.7207500000
OS 1.7430730000 0.7180130000
OS 1.7432350000 0.7177710000
OS 1.7449880000 0.7148460000
OS 1.7451250000 0.7145900000
OS 1.7465830000 0.7115070000
OS 1.7466930000 0.7112390000
OS 1.7478420000 0.7080290000
OS 1.7479260000 0.7077520000
OS 1.7487550000 0.7044440000
OS 1.7488120000 0.7041590000
OS 1.7493110000 0.7007860000
OS 1.7493390000 0.7005000000
OS 1.7495080000 0.6970940000
OS 1.7495080000 0.6968020000
OS 1.7493390000 0.6933960000
OS 1.7493110000 0.6931090000
OS 1.7488120000 0.6897360000
OS 1.7487550000 0.6894510000
OS 1.7479260000 0.6861430000
OS 1.7478420000 0.6858660000
OS 1.7466930000 0.6826560000
OS 1.7465830000 0.6823880000
OS 1.7451250000 0.6793050000
OS 1.7449880000 0.6790490000
OS 1.7432350000 0.6761240000
OS 1.7430730000 0.6758820000
OS 1.7410410000 0.6731450000
OS 1.7408580000 0.6729220000
OS 1.7385690000 0.6703950000
OS 1.7383630000 0.6701890000
OS 1.7358360000 0.6679000000
OS 1.7356130000 0.6677170000
OS 1.7328760000 0.6656850000
OS 1.7326340000 0.6655230000
OS 1.7297090000 0.6637700000
OS 1.7294530000 0.6636330000
OS 1.7263700000 0.6621750000
OS 1.7261020000 0.6620650000
OS 1.7228920000 0.6609160000
OS 1.7226150000 0.6608320000
OS 1.7193070000 0.6600030000
OS 1.7190220000 0.6599460000
OS 1.7156490000 0.6594470000
OS 1.7153610000 0.6594190000
OE
SE
S N 0
OB 1.6153610000 0.6594190000 I
OS 1.6119560000 0.6592510000
OS 1.6116660000 0.6592510000
OS 1.6082600000 0.6594190000
OS 1.6079720000 0.6594470000
OS 1.6045990000 0.6599460000
OS 1.6043140000 0.6600030000
OS 1.6010060000 0.6608320000
OS 1.6007290000 0.6609160000
OS 1.5975190000 0.6620650000
OS 1.5972510000 0.6621750000
OS 1.5941680000 0.6636330000
OS 1.5939120000 0.6637700000
OS 1.5909870000 0.6655230000
OS 1.5907450000 0.6656850000
OS 1.5880080000 0.6677170000
OS 1.5877850000 0.6679000000
OS 1.5852580000 0.6701890000
OS 1.5850520000 0.6703950000
OS 1.5827630000 0.6729220000
OS 1.5825800000 0.6731450000
OS 1.5805480000 0.6758820000
OS 1.5803860000 0.6761240000
OS 1.5786330000 0.6790490000
OS 1.5784960000 0.6793050000
OS 1.5770380000 0.6823880000
OS 1.5769280000 0.6826560000
OS 1.5757790000 0.6858660000
OS 1.5756950000 0.6861430000
OS 1.5748660000 0.6894510000
OS 1.5748090000 0.6897360000
OS 1.5743100000 0.6931090000
OS 1.5742820000 0.6933970000
OS 1.5741140000 0.6968030000
OS 1.5741140000 0.6970930000
OS 1.5742820000 0.7004980000
OS 1.5743100000 0.7007860000
OS 1.5748090000 0.7041590000
OS 1.5748660000 0.7044440000
OS 1.5756950000 0.7077520000
OS 1.5757790000 0.7080290000
OS 1.5769280000 0.7112390000
OS 1.5770380000 0.7115070000
OS 1.5784960000 0.7145900000
OS 1.5786330000 0.7148460000
OS 1.5803860000 0.7177710000
OS 1.5805480000 0.7180130000
OS 1.5825800000 0.7207500000
OS 1.5827630000 0.7209730000
OS 1.5850520000 0.7235000000
OS 1.5852580000 0.7237060000
OS 1.5877850000 0.7259950000
OS 1.5880080000 0.7261780000
OS 1.5907450000 0.7282100000
OS 1.5909870000 0.7283720000
OS 1.5939120000 0.7301250000
OS 1.5941680000 0.7302620000
OS 1.5972510000 0.7317200000
OS 1.5975190000 0.7318300000
OS 1.6007290000 0.7329790000
OS 1.6010060000 0.7330630000
OS 1.6043140000 0.7338920000
OS 1.6045990000 0.7339490000
OS 1.6079720000 0.7344480000
OS 1.6082590000 0.7344760000
OS 1.6116650000 0.7346450000
OS 1.6119570000 0.7346450000
OS 1.6153630000 0.7344760000
OS 1.6156490000 0.7344480000
OS 1.6190220000 0.7339490000
OS 1.6193070000 0.7338920000
OS 1.6226150000 0.7330630000
OS 1.6228920000 0.7329790000
OS 1.6261020000 0.7318300000
OS 1.6263700000 0.7317200000
OS 1.6294530000 0.7302620000
OS 1.6297090000 0.7301250000
OS 1.6326340000 0.7283720000
OS 1.6328760000 0.7282100000
OS 1.6356130000 0.7261780000
OS 1.6358360000 0.7259950000
OS 1.6383630000 0.7237060000
OS 1.6385690000 0.7235000000
OS 1.6408580000 0.7209730000
OS 1.6410410000 0.7207500000
OS 1.6430730000 0.7180130000
OS 1.6432350000 0.7177710000
OS 1.6449880000 0.7148460000
OS 1.6451250000 0.7145900000
OS 1.6465830000 0.7115070000
OS 1.6466930000 0.7112390000
OS 1.6478420000 0.7080290000
OS 1.6479260000 0.7077520000
OS 1.6487550000 0.7044440000
OS 1.6488120000 0.7041590000
OS 1.6493110000 0.7007860000
OS 1.6493390000 0.7005000000
OS 1.6495080000 0.6970940000
OS 1.6495080000 0.6968020000
OS 1.6493390000 0.6933960000
OS 1.6493110000 0.6931090000
OS 1.6488120000 0.6897360000
OS 1.6487550000 0.6894510000
OS 1.6479260000 0.6861430000
OS 1.6478420000 0.6858660000
OS 1.6466930000 0.6826560000
OS 1.6465830000 0.6823880000
OS 1.6451250000 0.6793050000
OS 1.6449880000 0.6790490000
OS 1.6432350000 0.6761240000
OS 1.6430730000 0.6758820000
OS 1.6410410000 0.6731450000
OS 1.6408580000 0.6729220000
OS 1.6385690000 0.6703950000
OS 1.6383630000 0.6701890000
OS 1.6358360000 0.6679000000
OS 1.6356130000 0.6677170000
OS 1.6328760000 0.6656850000
OS 1.6326340000 0.6655230000
OS 1.6297090000 0.6637700000
OS 1.6294530000 0.6636330000
OS 1.6263700000 0.6621750000
OS 1.6261020000 0.6620650000
OS 1.6228920000 0.6609160000
OS 1.6226150000 0.6608320000
OS 1.6193070000 0.6600030000
OS 1.6190220000 0.6599460000
OS 1.6156490000 0.6594470000
OS 1.6153610000 0.6594190000
OE
SE
S N 0
OB 1.4153610000 0.6594190000 I
OS 1.4119560000 0.6592510000
OS 1.4116660000 0.6592510000
OS 1.4082600000 0.6594190000
OS 1.4079720000 0.6594470000
OS 1.4045990000 0.6599460000
OS 1.4043140000 0.6600030000
OS 1.4010060000 0.6608320000
OS 1.4007290000 0.6609160000
OS 1.3975190000 0.6620650000
OS 1.3972510000 0.6621750000
OS 1.3941680000 0.6636330000
OS 1.3939120000 0.6637700000
OS 1.3909870000 0.6655230000
OS 1.3907450000 0.6656850000
OS 1.3880080000 0.6677170000
OS 1.3877850000 0.6679000000
OS 1.3852580000 0.6701890000
OS 1.3850520000 0.6703950000
OS 1.3827630000 0.6729220000
OS 1.3825800000 0.6731450000
OS 1.3805480000 0.6758820000
OS 1.3803860000 0.6761240000
OS 1.3786330000 0.6790490000
OS 1.3784960000 0.6793050000
OS 1.3770380000 0.6823880000
OS 1.3769280000 0.6826560000
OS 1.3757790000 0.6858660000
OS 1.3756950000 0.6861430000
OS 1.3748660000 0.6894510000
OS 1.3748090000 0.6897360000
OS 1.3743100000 0.6931090000
OS 1.3742820000 0.6933970000
OS 1.3741140000 0.6968030000
OS 1.3741140000 0.6970930000
OS 1.3742820000 0.7004980000
OS 1.3743100000 0.7007860000
OS 1.3748090000 0.7041590000
OS 1.3748660000 0.7044440000
OS 1.3756950000 0.7077520000
OS 1.3757790000 0.7080290000
OS 1.3769280000 0.7112390000
OS 1.3770380000 0.7115070000
OS 1.3784960000 0.7145900000
OS 1.3786330000 0.7148460000
OS 1.3803860000 0.7177710000
OS 1.3805480000 0.7180130000
OS 1.3825800000 0.7207500000
OS 1.3827630000 0.7209730000
OS 1.3850520000 0.7235000000
OS 1.3852580000 0.7237060000
OS 1.3877850000 0.7259950000
OS 1.3880080000 0.7261780000
OS 1.3907450000 0.7282100000
OS 1.3909870000 0.7283720000
OS 1.3939120000 0.7301250000
OS 1.3941680000 0.7302620000
OS 1.3972510000 0.7317200000
OS 1.3975190000 0.7318300000
OS 1.4007290000 0.7329790000
OS 1.4010060000 0.7330630000
OS 1.4043140000 0.7338920000
OS 1.4045990000 0.7339490000
OS 1.4079720000 0.7344480000
OS 1.4082590000 0.7344760000
OS 1.4116650000 0.7346450000
OS 1.4119570000 0.7346450000
OS 1.4153630000 0.7344760000
OS 1.4156490000 0.7344480000
OS 1.4190220000 0.7339490000
OS 1.4193070000 0.7338920000
OS 1.4226150000 0.7330630000
OS 1.4228920000 0.7329790000
OS 1.4261020000 0.7318300000
OS 1.4263700000 0.7317200000
OS 1.4294530000 0.7302620000
OS 1.4297090000 0.7301250000
OS 1.4326340000 0.7283720000
OS 1.4328760000 0.7282100000
OS 1.4356130000 0.7261780000
OS 1.4358360000 0.7259950000
OS 1.4383630000 0.7237060000
OS 1.4385690000 0.7235000000
OS 1.4408580000 0.7209730000
OS 1.4410410000 0.7207500000
OS 1.4430730000 0.7180130000
OS 1.4432350000 0.7177710000
OS 1.4449880000 0.7148460000
OS 1.4451250000 0.7145900000
OS 1.4465830000 0.7115070000
OS 1.4466930000 0.7112390000
OS 1.4478420000 0.7080290000
OS 1.4479260000 0.7077520000
OS 1.4487550000 0.7044440000
OS 1.4488120000 0.7041590000
OS 1.4493110000 0.7007860000
OS 1.4493390000 0.7005000000
OS 1.4495080000 0.6970940000
OS 1.4495080000 0.6968020000
OS 1.4493390000 0.6933960000
OS 1.4493110000 0.6931090000
OS 1.4488120000 0.6897360000
OS 1.4487550000 0.6894510000
OS 1.4479260000 0.6861430000
OS 1.4478420000 0.6858660000
OS 1.4466930000 0.6826560000
OS 1.4465830000 0.6823880000
OS 1.4451250000 0.6793050000
OS 1.4449880000 0.6790490000
OS 1.4432350000 0.6761240000
OS 1.4430730000 0.6758820000
OS 1.4410410000 0.6731450000
OS 1.4408580000 0.6729220000
OS 1.4385690000 0.6703950000
OS 1.4383630000 0.6701890000
OS 1.4358360000 0.6679000000
OS 1.4356130000 0.6677170000
OS 1.4328760000 0.6656850000
OS 1.4326340000 0.6655230000
OS 1.4297090000 0.6637700000
OS 1.4294530000 0.6636330000
OS 1.4263700000 0.6621750000
OS 1.4261020000 0.6620650000
OS 1.4228920000 0.6609160000
OS 1.4226150000 0.6608320000
OS 1.4193070000 0.6600030000
OS 1.4190220000 0.6599460000
OS 1.4156490000 0.6594470000
OS 1.4153610000 0.6594190000
OE
SE
S N 0
OB 1.5153610000 0.0594190000 I
OS 1.5119560000 0.0592510000
OS 1.5116660000 0.0592510000
OS 1.5082600000 0.0594190000
OS 1.5079720000 0.0594470000
OS 1.5045990000 0.0599460000
OS 1.5043140000 0.0600030000
OS 1.5010060000 0.0608320000
OS 1.5007290000 0.0609160000
OS 1.4975190000 0.0620650000
OS 1.4972510000 0.0621750000
OS 1.4941680000 0.0636330000
OS 1.4939120000 0.0637700000
OS 1.4909870000 0.0655230000
OS 1.4907450000 0.0656850000
OS 1.4880080000 0.0677170000
OS 1.4877850000 0.0679000000
OS 1.4852580000 0.0701890000
OS 1.4850520000 0.0703950000
OS 1.4827630000 0.0729220000
OS 1.4825800000 0.0731450000
OS 1.4805480000 0.0758820000
OS 1.4803860000 0.0761240000
OS 1.4786330000 0.0790490000
OS 1.4784960000 0.0793050000
OS 1.4770380000 0.0823880000
OS 1.4769280000 0.0826560000
OS 1.4757790000 0.0858660000
OS 1.4756950000 0.0861430000
OS 1.4748660000 0.0894510000
OS 1.4748090000 0.0897360000
OS 1.4743100000 0.0931090000
OS 1.4742820000 0.0933970000
OS 1.4741140000 0.0968030000
OS 1.4741140000 0.0970930000
OS 1.4742820000 0.1004980000
OS 1.4743100000 0.1007860000
OS 1.4748090000 0.1041590000
OS 1.4748660000 0.1044440000
OS 1.4756950000 0.1077520000
OS 1.4757790000 0.1080290000
OS 1.4769280000 0.1112390000
OS 1.4770380000 0.1115070000
OS 1.4784960000 0.1145900000
OS 1.4786330000 0.1148460000
OS 1.4803860000 0.1177710000
OS 1.4805480000 0.1180130000
OS 1.4825800000 0.1207500000
OS 1.4827630000 0.1209730000
OS 1.4850520000 0.1235000000
OS 1.4852580000 0.1237060000
OS 1.4877850000 0.1259950000
OS 1.4880080000 0.1261780000
OS 1.4907450000 0.1282100000
OS 1.4909870000 0.1283720000
OS 1.4939120000 0.1301250000
OS 1.4941680000 0.1302620000
OS 1.4972510000 0.1317200000
OS 1.4975190000 0.1318300000
OS 1.5007290000 0.1329790000
OS 1.5010060000 0.1330630000
OS 1.5043140000 0.1338920000
OS 1.5045990000 0.1339490000
OS 1.5079720000 0.1344480000
OS 1.5082590000 0.1344760000
OS 1.5116650000 0.1346450000
OS 1.5119570000 0.1346450000
OS 1.5153630000 0.1344760000
OS 1.5156490000 0.1344480000
OS 1.5190220000 0.1339490000
OS 1.5193070000 0.1338920000
OS 1.5226150000 0.1330630000
OS 1.5228920000 0.1329790000
OS 1.5261020000 0.1318300000
OS 1.5263700000 0.1317200000
OS 1.5294530000 0.1302620000
OS 1.5297090000 0.1301250000
OS 1.5326340000 0.1283720000
OS 1.5328760000 0.1282100000
OS 1.5356130000 0.1261780000
OS 1.5358360000 0.1259950000
OS 1.5383630000 0.1237060000
OS 1.5385690000 0.1235000000
OS 1.5408580000 0.1209730000
OS 1.5410410000 0.1207500000
OS 1.5430730000 0.1180130000
OS 1.5432350000 0.1177710000
OS 1.5449880000 0.1148460000
OS 1.5451250000 0.1145900000
OS 1.5465830000 0.1115070000
OS 1.5466930000 0.1112390000
OS 1.5478420000 0.1080290000
OS 1.5479260000 0.1077520000
OS 1.5487550000 0.1044440000
OS 1.5488120000 0.1041590000
OS 1.5493110000 0.1007860000
OS 1.5493390000 0.1005000000
OS 1.5495080000 0.0970940000
OS 1.5495080000 0.0968020000
OS 1.5493390000 0.0933960000
OS 1.5493110000 0.0931090000
OS 1.5488120000 0.0897360000
OS 1.5487550000 0.0894510000
OS 1.5479260000 0.0861430000
OS 1.5478420000 0.0858660000
OS 1.5466930000 0.0826560000
OS 1.5465830000 0.0823880000
OS 1.5451250000 0.0793050000
OS 1.5449880000 0.0790490000
OS 1.5432350000 0.0761240000
OS 1.5430730000 0.0758820000
OS 1.5410410000 0.0731450000
OS 1.5408580000 0.0729220000
OS 1.5385690000 0.0703950000
OS 1.5383630000 0.0701890000
OS 1.5358360000 0.0679000000
OS 1.5356130000 0.0677170000
OS 1.5328760000 0.0656850000
OS 1.5326340000 0.0655230000
OS 1.5297090000 0.0637700000
OS 1.5294530000 0.0636330000
OS 1.5263700000 0.0621750000
OS 1.5261020000 0.0620650000
OS 1.5228920000 0.0609160000
OS 1.5226150000 0.0608320000
OS 1.5193070000 0.0600030000
OS 1.5190220000 0.0599460000
OS 1.5156490000 0.0594470000
OS 1.5153610000 0.0594190000
OE
SE
S N 0
OB 1.5153610000 0.6594190000 I
OS 1.5119560000 0.6592510000
OS 1.5116660000 0.6592510000
OS 1.5082600000 0.6594190000
OS 1.5079720000 0.6594470000
OS 1.5045990000 0.6599460000
OS 1.5043140000 0.6600030000
OS 1.5010060000 0.6608320000
OS 1.5007290000 0.6609160000
OS 1.4975190000 0.6620650000
OS 1.4972510000 0.6621750000
OS 1.4941680000 0.6636330000
OS 1.4939120000 0.6637700000
OS 1.4909870000 0.6655230000
OS 1.4907450000 0.6656850000
OS 1.4880080000 0.6677170000
OS 1.4877850000 0.6679000000
OS 1.4852580000 0.6701890000
OS 1.4850520000 0.6703950000
OS 1.4827630000 0.6729220000
OS 1.4825800000 0.6731450000
OS 1.4805480000 0.6758820000
OS 1.4803860000 0.6761240000
OS 1.4786330000 0.6790490000
OS 1.4784960000 0.6793050000
OS 1.4770380000 0.6823880000
OS 1.4769280000 0.6826560000
OS 1.4757790000 0.6858660000
OS 1.4756950000 0.6861430000
OS 1.4748660000 0.6894510000
OS 1.4748090000 0.6897360000
OS 1.4743100000 0.6931090000
OS 1.4742820000 0.6933970000
OS 1.4741140000 0.6968030000
OS 1.4741140000 0.6970930000
OS 1.4742820000 0.7004980000
OS 1.4743100000 0.7007860000
OS 1.4748090000 0.7041590000
OS 1.4748660000 0.7044440000
OS 1.4756950000 0.7077520000
OS 1.4757790000 0.7080290000
OS 1.4769280000 0.7112390000
OS 1.4770380000 0.7115070000
OS 1.4784960000 0.7145900000
OS 1.4786330000 0.7148460000
OS 1.4803860000 0.7177710000
OS 1.4805480000 0.7180130000
OS 1.4825800000 0.7207500000
OS 1.4827630000 0.7209730000
OS 1.4850520000 0.7235000000
OS 1.4852580000 0.7237060000
OS 1.4877850000 0.7259950000
OS 1.4880080000 0.7261780000
OS 1.4907450000 0.7282100000
OS 1.4909870000 0.7283720000
OS 1.4939120000 0.7301250000
OS 1.4941680000 0.7302620000
OS 1.4972510000 0.7317200000
OS 1.4975190000 0.7318300000
OS 1.5007290000 0.7329790000
OS 1.5010060000 0.7330630000
OS 1.5043140000 0.7338920000
OS 1.5045990000 0.7339490000
OS 1.5079720000 0.7344480000
OS 1.5082590000 0.7344760000
OS 1.5116650000 0.7346450000
OS 1.5119570000 0.7346450000
OS 1.5153630000 0.7344760000
OS 1.5156490000 0.7344480000
OS 1.5190220000 0.7339490000
OS 1.5193070000 0.7338920000
OS 1.5226150000 0.7330630000
OS 1.5228920000 0.7329790000
OS 1.5261020000 0.7318300000
OS 1.5263700000 0.7317200000
OS 1.5294530000 0.7302620000
OS 1.5297090000 0.7301250000
OS 1.5326340000 0.7283720000
OS 1.5328760000 0.7282100000
OS 1.5356130000 0.7261780000
OS 1.5358360000 0.7259950000
OS 1.5383630000 0.7237060000
OS 1.5385690000 0.7235000000
OS 1.5408580000 0.7209730000
OS 1.5410410000 0.7207500000
OS 1.5430730000 0.7180130000
OS 1.5432350000 0.7177710000
OS 1.5449880000 0.7148460000
OS 1.5451250000 0.7145900000
OS 1.5465830000 0.7115070000
OS 1.5466930000 0.7112390000
OS 1.5478420000 0.7080290000
OS 1.5479260000 0.7077520000
OS 1.5487550000 0.7044440000
OS 1.5488120000 0.7041590000
OS 1.5493110000 0.7007860000
OS 1.5493390000 0.7005000000
OS 1.5495080000 0.6970940000
OS 1.5495080000 0.6968020000
OS 1.5493390000 0.6933960000
OS 1.5493110000 0.6931090000
OS 1.5488120000 0.6897360000
OS 1.5487550000 0.6894510000
OS 1.5479260000 0.6861430000
OS 1.5478420000 0.6858660000
OS 1.5466930000 0.6826560000
OS 1.5465830000 0.6823880000
OS 1.5451250000 0.6793050000
OS 1.5449880000 0.6790490000
OS 1.5432350000 0.6761240000
OS 1.5430730000 0.6758820000
OS 1.5410410000 0.6731450000
OS 1.5408580000 0.6729220000
OS 1.5385690000 0.6703950000
OS 1.5383630000 0.6701890000
OS 1.5358360000 0.6679000000
OS 1.5356130000 0.6677170000
OS 1.5328760000 0.6656850000
OS 1.5326340000 0.6655230000
OS 1.5297090000 0.6637700000
OS 1.5294530000 0.6636330000
OS 1.5263700000 0.6621750000
OS 1.5261020000 0.6620650000
OS 1.5228920000 0.6609160000
OS 1.5226150000 0.6608320000
OS 1.5193070000 0.6600030000
OS 1.5190220000 0.6599460000
OS 1.5156490000 0.6594470000
OS 1.5153610000 0.6594190000
OE
SE
S N 0
OB 0.5747610000 0.5356440000 I
OS 0.5744710000 0.5356290000
OS 0.5554510000 0.5356290000
OS 0.5551610000 0.5356440000
OS 0.5528610000 0.5358700000
OS 0.5522920000 0.5359840000
OS 0.5499280000 0.5367010000
OS 0.5493920000 0.5369230000
OS 0.5472120000 0.5380870000
OS 0.5467290000 0.5384100000
OS 0.5448180000 0.5399790000
OS 0.5444070000 0.5403890000
OS 0.5428400000 0.5423000000
OS 0.5425190000 0.5427800000
OS 0.5413540000 0.5449580000
OS 0.5411310000 0.5454960000
OS 0.5404130000 0.5478620000
OS 0.5403000000 0.5484330000
OS 0.5400750000 0.5507340000
OS 0.5400600000 0.5510220000
OS 0.5400600000 0.5749600000
OS 0.5400750000 0.5752480000
OS 0.5403000000 0.5775490000
OS 0.5404130000 0.5781200000
OS 0.5411310000 0.5804860000
OS 0.5413540000 0.5810240000
OS 0.5425190000 0.5832020000
OS 0.5428400000 0.5836820000
OS 0.5444070000 0.5855930000
OS 0.5448180000 0.5860030000
OS 0.5467290000 0.5875720000
OS 0.5472120000 0.5878950000
OS 0.5493920000 0.5890590000
OS 0.5499280000 0.5892810000
OS 0.5522920000 0.5899980000
OS 0.5528610000 0.5901120000
OS 0.5551610000 0.5903380000
OS 0.5554510000 0.5903530000
OS 0.5563130000 0.5903530000
OS 0.5563150000 0.5903550000
OS 0.5696710000 0.5903550000
OS 0.5696730000 0.5903530000
OS 0.5744710000 0.5903530000
OS 0.5747610000 0.5903380000
OS 0.5770610000 0.5901120000
OS 0.5776300000 0.5899980000
OS 0.5799940000 0.5892810000
OS 0.5805300000 0.5890590000
OS 0.5827100000 0.5878950000
OS 0.5831930000 0.5875720000
OS 0.5851040000 0.5860030000
OS 0.5855150000 0.5855930000
OS 0.5870820000 0.5836820000
OS 0.5874030000 0.5832020000
OS 0.5885680000 0.5810240000
OS 0.5887910000 0.5804860000
OS 0.5895090000 0.5781200000
OS 0.5896220000 0.5775490000
OS 0.5898470000 0.5752480000
OS 0.5898620000 0.5749600000
OS 0.5898620000 0.5510220000
OS 0.5898470000 0.5507340000
OS 0.5896220000 0.5484330000
OS 0.5895090000 0.5478620000
OS 0.5887910000 0.5454960000
OS 0.5885680000 0.5449580000
OS 0.5874030000 0.5427800000
OS 0.5870820000 0.5423000000
OS 0.5855150000 0.5403890000
OS 0.5851040000 0.5399790000
OS 0.5831930000 0.5384100000
OS 0.5827100000 0.5380870000
OS 0.5805300000 0.5369230000
OS 0.5799940000 0.5367010000
OS 0.5776300000 0.5359840000
OS 0.5770610000 0.5358700000
OS 0.5747610000 0.5356440000
OE
SE
S N 0
OB 1.4153610000 0.0594190000 I
OS 1.4119560000 0.0592510000
OS 1.4116660000 0.0592510000
OS 1.4082600000 0.0594190000
OS 1.4079720000 0.0594470000
OS 1.4045990000 0.0599460000
OS 1.4043140000 0.0600030000
OS 1.4010060000 0.0608320000
OS 1.4007290000 0.0609160000
OS 1.3975190000 0.0620650000
OS 1.3972510000 0.0621750000
OS 1.3941680000 0.0636330000
OS 1.3939120000 0.0637700000
OS 1.3909870000 0.0655230000
OS 1.3907450000 0.0656850000
OS 1.3880080000 0.0677170000
OS 1.3877850000 0.0679000000
OS 1.3852580000 0.0701890000
OS 1.3850520000 0.0703950000
OS 1.3827630000 0.0729220000
OS 1.3825800000 0.0731450000
OS 1.3805480000 0.0758820000
OS 1.3803860000 0.0761240000
OS 1.3786330000 0.0790490000
OS 1.3784960000 0.0793050000
OS 1.3770380000 0.0823880000
OS 1.3769280000 0.0826560000
OS 1.3757790000 0.0858660000
OS 1.3756950000 0.0861430000
OS 1.3748660000 0.0894510000
OS 1.3748090000 0.0897360000
OS 1.3743100000 0.0931090000
OS 1.3742820000 0.0933970000
OS 1.3741140000 0.0968030000
OS 1.3741140000 0.0970930000
OS 1.3742820000 0.1004980000
OS 1.3743100000 0.1007860000
OS 1.3748090000 0.1041590000
OS 1.3748660000 0.1044440000
OS 1.3756950000 0.1077520000
OS 1.3757790000 0.1080290000
OS 1.3769280000 0.1112390000
OS 1.3770380000 0.1115070000
OS 1.3784960000 0.1145900000
OS 1.3786330000 0.1148460000
OS 1.3803860000 0.1177710000
OS 1.3805480000 0.1180130000
OS 1.3825800000 0.1207500000
OS 1.3827630000 0.1209730000
OS 1.3850520000 0.1235000000
OS 1.3852580000 0.1237060000
OS 1.3877850000 0.1259950000
OS 1.3880080000 0.1261780000
OS 1.3907450000 0.1282100000
OS 1.3909870000 0.1283720000
OS 1.3939120000 0.1301250000
OS 1.3941680000 0.1302620000
OS 1.3972510000 0.1317200000
OS 1.3975190000 0.1318300000
OS 1.4007290000 0.1329790000
OS 1.4010060000 0.1330630000
OS 1.4043140000 0.1338920000
OS 1.4045990000 0.1339490000
OS 1.4079720000 0.1344480000
OS 1.4082590000 0.1344760000
OS 1.4116650000 0.1346450000
OS 1.4119570000 0.1346450000
OS 1.4153630000 0.1344760000
OS 1.4156490000 0.1344480000
OS 1.4190220000 0.1339490000
OS 1.4193070000 0.1338920000
OS 1.4226150000 0.1330630000
OS 1.4228920000 0.1329790000
OS 1.4261020000 0.1318300000
OS 1.4263700000 0.1317200000
OS 1.4294530000 0.1302620000
OS 1.4297090000 0.1301250000
OS 1.4326340000 0.1283720000
OS 1.4328760000 0.1282100000
OS 1.4356130000 0.1261780000
OS 1.4358360000 0.1259950000
OS 1.4383630000 0.1237060000
OS 1.4385690000 0.1235000000
OS 1.4408580000 0.1209730000
OS 1.4410410000 0.1207500000
OS 1.4430730000 0.1180130000
OS 1.4432350000 0.1177710000
OS 1.4449880000 0.1148460000
OS 1.4451250000 0.1145900000
OS 1.4465830000 0.1115070000
OS 1.4466930000 0.1112390000
OS 1.4478420000 0.1080290000
OS 1.4479260000 0.1077520000
OS 1.4487550000 0.1044440000
OS 1.4488120000 0.1041590000
OS 1.4493110000 0.1007860000
OS 1.4493390000 0.1005000000
OS 1.4495080000 0.0970940000
OS 1.4495080000 0.0968020000
OS 1.4493390000 0.0933960000
OS 1.4493110000 0.0931090000
OS 1.4488120000 0.0897360000
OS 1.4487550000 0.0894510000
OS 1.4479260000 0.0861430000
OS 1.4478420000 0.0858660000
OS 1.4466930000 0.0826560000
OS 1.4465830000 0.0823880000
OS 1.4451250000 0.0793050000
OS 1.4449880000 0.0790490000
OS 1.4432350000 0.0761240000
OS 1.4430730000 0.0758820000
OS 1.4410410000 0.0731450000
OS 1.4408580000 0.0729220000
OS 1.4385690000 0.0703950000
OS 1.4383630000 0.0701890000
OS 1.4358360000 0.0679000000
OS 1.4356130000 0.0677170000
OS 1.4328760000 0.0656850000
OS 1.4326340000 0.0655230000
OS 1.4297090000 0.0637700000
OS 1.4294530000 0.0636330000
OS 1.4263700000 0.0621750000
OS 1.4261020000 0.0620650000
OS 1.4228920000 0.0609160000
OS 1.4226150000 0.0608320000
OS 1.4193070000 0.0600030000
OS 1.4190220000 0.0599460000
OS 1.4156490000 0.0594470000
OS 1.4153610000 0.0594190000
OE
SE
S N 0
OB 0.2923460000 0.5750040000 I
OS 0.2906870000 0.5745060000
OS 0.2372840000 0.5745060000
OS 0.2356540000 0.5749850000
OS 0.2336300000 0.5762860000
OS 0.2321850000 0.5789320000
OS 0.2321850000 0.5952590000
OS 0.2356450000 0.5987190000
OS 0.2906970000 0.5987190000
OS 0.2923710000 0.5982120000
OS 0.2943700000 0.5968790000
OS 0.2957680000 0.5942680000
OS 0.2957680000 0.5933680000
OS 0.2958130000 0.5933230000
OS 0.2959150000 0.5799670000
OS 0.2957680000 0.5798190000
OS 0.2957680000 0.5789490000
OS 0.2943540000 0.5763260000
OS 0.2923460000 0.5750040000
OE
SE
S N 0
OB 2.0435520000 0.6592650000 I
OS 2.0432620000 0.6592510000
OS 1.9776690000 0.6593540000
OS 1.9742170000 0.6628060000
OS 1.9741140000 0.7286360000
OS 1.9742110000 0.7293930000
OS 1.9749180000 0.7320870000
OS 1.9781060000 0.7345460000
OS 2.0459460000 0.7345460000
OS 2.0494050000 0.7310930000
OS 2.0495080000 0.6653680000
OS 2.0494580000 0.6648220000
OS 2.0491290000 0.6630560000
OS 2.0478330000 0.6610760000
OS 2.0460640000 0.6598760000
OS 2.0446710000 0.6593740000
OS 2.0435520000 0.6592650000
OE
SE
S N 0
OB 1.6153610000 0.0594190000 I
OS 1.6119560000 0.0592510000
OS 1.6116660000 0.0592510000
OS 1.6082600000 0.0594190000
OS 1.6079720000 0.0594470000
OS 1.6045990000 0.0599460000
OS 1.6043140000 0.0600030000
OS 1.6010060000 0.0608320000
OS 1.6007290000 0.0609160000
OS 1.5975190000 0.0620650000
OS 1.5972510000 0.0621750000
OS 1.5941680000 0.0636330000
OS 1.5939120000 0.0637700000
OS 1.5909870000 0.0655230000
OS 1.5907450000 0.0656850000
OS 1.5880080000 0.0677170000
OS 1.5877850000 0.0679000000
OS 1.5852580000 0.0701890000
OS 1.5850520000 0.0703950000
OS 1.5827630000 0.0729220000
OS 1.5825800000 0.0731450000
OS 1.5805480000 0.0758820000
OS 1.5803860000 0.0761240000
OS 1.5786330000 0.0790490000
OS 1.5784960000 0.0793050000
OS 1.5770380000 0.0823880000
OS 1.5769280000 0.0826560000
OS 1.5757790000 0.0858660000
OS 1.5756950000 0.0861430000
OS 1.5748660000 0.0894510000
OS 1.5748090000 0.0897360000
OS 1.5743100000 0.0931090000
OS 1.5742820000 0.0933970000
OS 1.5741140000 0.0968030000
OS 1.5741140000 0.0970930000
OS 1.5742820000 0.1004980000
OS 1.5743100000 0.1007860000
OS 1.5748090000 0.1041590000
OS 1.5748660000 0.1044440000
OS 1.5756950000 0.1077520000
OS 1.5757790000 0.1080290000
OS 1.5769280000 0.1112390000
OS 1.5770380000 0.1115070000
OS 1.5784960000 0.1145900000
OS 1.5786330000 0.1148460000
OS 1.5803860000 0.1177710000
OS 1.5805480000 0.1180130000
OS 1.5825800000 0.1207500000
OS 1.5827630000 0.1209730000
OS 1.5850520000 0.1235000000
OS 1.5852580000 0.1237060000
OS 1.5877850000 0.1259950000
OS 1.5880080000 0.1261780000
OS 1.5907450000 0.1282100000
OS 1.5909870000 0.1283720000
OS 1.5939120000 0.1301250000
OS 1.5941680000 0.1302620000
OS 1.5972510000 0.1317200000
OS 1.5975190000 0.1318300000
OS 1.6007290000 0.1329790000
OS 1.6010060000 0.1330630000
OS 1.6043140000 0.1338920000
OS 1.6045990000 0.1339490000
OS 1.6079720000 0.1344480000
OS 1.6082590000 0.1344760000
OS 1.6116650000 0.1346450000
OS 1.6119570000 0.1346450000
OS 1.6153630000 0.1344760000
OS 1.6156490000 0.1344480000
OS 1.6190220000 0.1339490000
OS 1.6193070000 0.1338920000
OS 1.6226150000 0.1330630000
OS 1.6228920000 0.1329790000
OS 1.6261020000 0.1318300000
OS 1.6263700000 0.1317200000
OS 1.6294530000 0.1302620000
OS 1.6297090000 0.1301250000
OS 1.6326340000 0.1283720000
OS 1.6328760000 0.1282100000
OS 1.6356130000 0.1261780000
OS 1.6358360000 0.1259950000
OS 1.6383630000 0.1237060000
OS 1.6385690000 0.1235000000
OS 1.6408580000 0.1209730000
OS 1.6410410000 0.1207500000
OS 1.6430730000 0.1180130000
OS 1.6432350000 0.1177710000
OS 1.6449880000 0.1148460000
OS 1.6451250000 0.1145900000
OS 1.6465830000 0.1115070000
OS 1.6466930000 0.1112390000
OS 1.6478420000 0.1080290000
OS 1.6479260000 0.1077520000
OS 1.6487550000 0.1044440000
OS 1.6488120000 0.1041590000
OS 1.6493110000 0.1007860000
OS 1.6493390000 0.1005000000
OS 1.6495080000 0.0970940000
OS 1.6495080000 0.0968020000
OS 1.6493390000 0.0933960000
OS 1.6493110000 0.0931090000
OS 1.6488120000 0.0897360000
OS 1.6487550000 0.0894510000
OS 1.6479260000 0.0861430000
OS 1.6478420000 0.0858660000
OS 1.6466930000 0.0826560000
OS 1.6465830000 0.0823880000
OS 1.6451250000 0.0793050000
OS 1.6449880000 0.0790490000
OS 1.6432350000 0.0761240000
OS 1.6430730000 0.0758820000
OS 1.6410410000 0.0731450000
OS 1.6408580000 0.0729220000
OS 1.6385690000 0.0703950000
OS 1.6383630000 0.0701890000
OS 1.6358360000 0.0679000000
OS 1.6356130000 0.0677170000
OS 1.6328760000 0.0656850000
OS 1.6326340000 0.0655230000
OS 1.6297090000 0.0637700000
OS 1.6294530000 0.0636330000
OS 1.6263700000 0.0621750000
OS 1.6261020000 0.0620650000
OS 1.6228920000 0.0609160000
OS 1.6226150000 0.0608320000
OS 1.6193070000 0.0600030000
OS 1.6190220000 0.0599460000
OS 1.6156490000 0.0594470000
OS 1.6153610000 0.0594190000
OE
SE
S N 0
OB 1.7153610000 0.0594190000 I
OS 1.7119560000 0.0592510000
OS 1.7116660000 0.0592510000
OS 1.7082600000 0.0594190000
OS 1.7079720000 0.0594470000
OS 1.7045990000 0.0599460000
OS 1.7043140000 0.0600030000
OS 1.7010060000 0.0608320000
OS 1.7007290000 0.0609160000
OS 1.6975190000 0.0620650000
OS 1.6972510000 0.0621750000
OS 1.6941680000 0.0636330000
OS 1.6939120000 0.0637700000
OS 1.6909870000 0.0655230000
OS 1.6907450000 0.0656850000
OS 1.6880080000 0.0677170000
OS 1.6877850000 0.0679000000
OS 1.6852580000 0.0701890000
OS 1.6850520000 0.0703950000
OS 1.6827630000 0.0729220000
OS 1.6825800000 0.0731450000
OS 1.6805480000 0.0758820000
OS 1.6803860000 0.0761240000
OS 1.6786330000 0.0790490000
OS 1.6784960000 0.0793050000
OS 1.6770380000 0.0823880000
OS 1.6769280000 0.0826560000
OS 1.6757790000 0.0858660000
OS 1.6756950000 0.0861430000
OS 1.6748660000 0.0894510000
OS 1.6748090000 0.0897360000
OS 1.6743100000 0.0931090000
OS 1.6742820000 0.0933970000
OS 1.6741140000 0.0968030000
OS 1.6741140000 0.0970930000
OS 1.6742820000 0.1004980000
OS 1.6743100000 0.1007860000
OS 1.6748090000 0.1041590000
OS 1.6748660000 0.1044440000
OS 1.6756950000 0.1077520000
OS 1.6757790000 0.1080290000
OS 1.6769280000 0.1112390000
OS 1.6770380000 0.1115070000
OS 1.6784960000 0.1145900000
OS 1.6786330000 0.1148460000
OS 1.6803860000 0.1177710000
OS 1.6805480000 0.1180130000
OS 1.6825800000 0.1207500000
OS 1.6827630000 0.1209730000
OS 1.6850520000 0.1235000000
OS 1.6852580000 0.1237060000
OS 1.6877850000 0.1259950000
OS 1.6880080000 0.1261780000
OS 1.6907450000 0.1282100000
OS 1.6909870000 0.1283720000
OS 1.6939120000 0.1301250000
OS 1.6941680000 0.1302620000
OS 1.6972510000 0.1317200000
OS 1.6975190000 0.1318300000
OS 1.7007290000 0.1329790000
OS 1.7010060000 0.1330630000
OS 1.7043140000 0.1338920000
OS 1.7045990000 0.1339490000
OS 1.7079720000 0.1344480000
OS 1.7082590000 0.1344760000
OS 1.7116650000 0.1346450000
OS 1.7119570000 0.1346450000
OS 1.7153630000 0.1344760000
OS 1.7156490000 0.1344480000
OS 1.7190220000 0.1339490000
OS 1.7193070000 0.1338920000
OS 1.7226150000 0.1330630000
OS 1.7228920000 0.1329790000
OS 1.7261020000 0.1318300000
OS 1.7263700000 0.1317200000
OS 1.7294530000 0.1302620000
OS 1.7297090000 0.1301250000
OS 1.7326340000 0.1283720000
OS 1.7328760000 0.1282100000
OS 1.7356130000 0.1261780000
OS 1.7358360000 0.1259950000
OS 1.7383630000 0.1237060000
OS 1.7385690000 0.1235000000
OS 1.7408580000 0.1209730000
OS 1.7410410000 0.1207500000
OS 1.7430730000 0.1180130000
OS 1.7432350000 0.1177710000
OS 1.7449880000 0.1148460000
OS 1.7451250000 0.1145900000
OS 1.7465830000 0.1115070000
OS 1.7466930000 0.1112390000
OS 1.7478420000 0.1080290000
OS 1.7479260000 0.1077520000
OS 1.7487550000 0.1044440000
OS 1.7488120000 0.1041590000
OS 1.7493110000 0.1007860000
OS 1.7493390000 0.1005000000
OS 1.7495080000 0.0970940000
OS 1.7495080000 0.0968020000
OS 1.7493390000 0.0933960000
OS 1.7493110000 0.0931090000
OS 1.7488120000 0.0897360000
OS 1.7487550000 0.0894510000
OS 1.7479260000 0.0861430000
OS 1.7478420000 0.0858660000
OS 1.7466930000 0.0826560000
OS 1.7465830000 0.0823880000
OS 1.7451250000 0.0793050000
OS 1.7449880000 0.0790490000
OS 1.7432350000 0.0761240000
OS 1.7430730000 0.0758820000
OS 1.7410410000 0.0731450000
OS 1.7408580000 0.0729220000
OS 1.7385690000 0.0703950000
OS 1.7383630000 0.0701890000
OS 1.7358360000 0.0679000000
OS 1.7356130000 0.0677170000
OS 1.7328760000 0.0656850000
OS 1.7326340000 0.0655230000
OS 1.7297090000 0.0637700000
OS 1.7294530000 0.0636330000
OS 1.7263700000 0.0621750000
OS 1.7261020000 0.0620650000
OS 1.7228920000 0.0609160000
OS 1.7226150000 0.0608320000
OS 1.7193070000 0.0600030000
OS 1.7190220000 0.0599460000
OS 1.7156490000 0.0594470000
OS 1.7153610000 0.0594190000
OE
SE
S N 0
OB 1.8153610000 0.0594190000 I
OS 1.8119560000 0.0592510000
OS 1.8116660000 0.0592510000
OS 1.8082600000 0.0594190000
OS 1.8079720000 0.0594470000
OS 1.8045990000 0.0599460000
OS 1.8043140000 0.0600030000
OS 1.8010060000 0.0608320000
OS 1.8007290000 0.0609160000
OS 1.7975190000 0.0620650000
OS 1.7972510000 0.0621750000
OS 1.7941680000 0.0636330000
OS 1.7939120000 0.0637700000
OS 1.7909870000 0.0655230000
OS 1.7907450000 0.0656850000
OS 1.7880080000 0.0677170000
OS 1.7877850000 0.0679000000
OS 1.7852580000 0.0701890000
OS 1.7850520000 0.0703950000
OS 1.7827630000 0.0729220000
OS 1.7825800000 0.0731450000
OS 1.7805480000 0.0758820000
OS 1.7803860000 0.0761240000
OS 1.7786330000 0.0790490000
OS 1.7784960000 0.0793050000
OS 1.7770380000 0.0823880000
OS 1.7769280000 0.0826560000
OS 1.7757790000 0.0858660000
OS 1.7756950000 0.0861430000
OS 1.7748660000 0.0894510000
OS 1.7748090000 0.0897360000
OS 1.7743100000 0.0931090000
OS 1.7742820000 0.0933970000
OS 1.7741140000 0.0968030000
OS 1.7741140000 0.0970930000
OS 1.7742820000 0.1004980000
OS 1.7743100000 0.1007860000
OS 1.7748090000 0.1041590000
OS 1.7748660000 0.1044440000
OS 1.7756950000 0.1077520000
OS 1.7757790000 0.1080290000
OS 1.7769280000 0.1112390000
OS 1.7770380000 0.1115070000
OS 1.7784960000 0.1145900000
OS 1.7786330000 0.1148460000
OS 1.7803860000 0.1177710000
OS 1.7805480000 0.1180130000
OS 1.7825800000 0.1207500000
OS 1.7827630000 0.1209730000
OS 1.7850520000 0.1235000000
OS 1.7852580000 0.1237060000
OS 1.7877850000 0.1259950000
OS 1.7880080000 0.1261780000
OS 1.7907450000 0.1282100000
OS 1.7909870000 0.1283720000
OS 1.7939120000 0.1301250000
OS 1.7941680000 0.1302620000
OS 1.7972510000 0.1317200000
OS 1.7975190000 0.1318300000
OS 1.8007290000 0.1329790000
OS 1.8010060000 0.1330630000
OS 1.8043140000 0.1338920000
OS 1.8045990000 0.1339490000
OS 1.8079720000 0.1344480000
OS 1.8082590000 0.1344760000
OS 1.8116650000 0.1346450000
OS 1.8119570000 0.1346450000
OS 1.8153630000 0.1344760000
OS 1.8156490000 0.1344480000
OS 1.8190220000 0.1339490000
OS 1.8193070000 0.1338920000
OS 1.8226150000 0.1330630000
OS 1.8228920000 0.1329790000
OS 1.8261020000 0.1318300000
OS 1.8263700000 0.1317200000
OS 1.8294530000 0.1302620000
OS 1.8297090000 0.1301250000
OS 1.8326340000 0.1283720000
OS 1.8328760000 0.1282100000
OS 1.8356130000 0.1261780000
OS 1.8358360000 0.1259950000
OS 1.8383630000 0.1237060000
OS 1.8385690000 0.1235000000
OS 1.8408580000 0.1209730000
OS 1.8410410000 0.1207500000
OS 1.8430730000 0.1180130000
OS 1.8432350000 0.1177710000
OS 1.8449880000 0.1148460000
OS 1.8451250000 0.1145900000
OS 1.8465830000 0.1115070000
OS 1.8466930000 0.1112390000
OS 1.8478420000 0.1080290000
OS 1.8479260000 0.1077520000
OS 1.8487550000 0.1044440000
OS 1.8488120000 0.1041590000
OS 1.8493110000 0.1007860000
OS 1.8493390000 0.1005000000
OS 1.8495080000 0.0970940000
OS 1.8495080000 0.0968020000
OS 1.8493390000 0.0933960000
OS 1.8493110000 0.0931090000
OS 1.8488120000 0.0897360000
OS 1.8487550000 0.0894510000
OS 1.8479260000 0.0861430000
OS 1.8478420000 0.0858660000
OS 1.8466930000 0.0826560000
OS 1.8465830000 0.0823880000
OS 1.8451250000 0.0793050000
OS 1.8449880000 0.0790490000
OS 1.8432350000 0.0761240000
OS 1.8430730000 0.0758820000
OS 1.8410410000 0.0731450000
OS 1.8408580000 0.0729220000
OS 1.8385690000 0.0703950000
OS 1.8383630000 0.0701890000
OS 1.8358360000 0.0679000000
OS 1.8356130000 0.0677170000
OS 1.8328760000 0.0656850000
OS 1.8326340000 0.0655230000
OS 1.8297090000 0.0637700000
OS 1.8294530000 0.0636330000
OS 1.8263700000 0.0621750000
OS 1.8261020000 0.0620650000
OS 1.8228920000 0.0609160000
OS 1.8226150000 0.0608320000
OS 1.8193070000 0.0600030000
OS 1.8190220000 0.0599460000
OS 1.8156490000 0.0594470000
OS 1.8153610000 0.0594190000
OE
SE
S N 0
OB 1.9153610000 0.0594190000 I
OS 1.9119560000 0.0592510000
OS 1.9116660000 0.0592510000
OS 1.9082600000 0.0594190000
OS 1.9079720000 0.0594470000
OS 1.9045990000 0.0599460000
OS 1.9043140000 0.0600030000
OS 1.9010060000 0.0608320000
OS 1.9007290000 0.0609160000
OS 1.8975190000 0.0620650000
OS 1.8972510000 0.0621750000
OS 1.8941680000 0.0636330000
OS 1.8939120000 0.0637700000
OS 1.8909870000 0.0655230000
OS 1.8907450000 0.0656850000
OS 1.8880080000 0.0677170000
OS 1.8877850000 0.0679000000
OS 1.8852580000 0.0701890000
OS 1.8850520000 0.0703950000
OS 1.8827630000 0.0729220000
OS 1.8825800000 0.0731450000
OS 1.8805480000 0.0758820000
OS 1.8803860000 0.0761240000
OS 1.8786330000 0.0790490000
OS 1.8784960000 0.0793050000
OS 1.8770380000 0.0823880000
OS 1.8769280000 0.0826560000
OS 1.8757790000 0.0858660000
OS 1.8756950000 0.0861430000
OS 1.8748660000 0.0894510000
OS 1.8748090000 0.0897360000
OS 1.8743100000 0.0931090000
OS 1.8742820000 0.0933970000
OS 1.8741140000 0.0968030000
OS 1.8741140000 0.0970930000
OS 1.8742820000 0.1004980000
OS 1.8743100000 0.1007860000
OS 1.8748090000 0.1041590000
OS 1.8748660000 0.1044440000
OS 1.8756950000 0.1077520000
OS 1.8757790000 0.1080290000
OS 1.8769280000 0.1112390000
OS 1.8770380000 0.1115070000
OS 1.8784960000 0.1145900000
OS 1.8786330000 0.1148460000
OS 1.8803860000 0.1177710000
OS 1.8805480000 0.1180130000
OS 1.8825800000 0.1207500000
OS 1.8827630000 0.1209730000
OS 1.8850520000 0.1235000000
OS 1.8852580000 0.1237060000
OS 1.8877850000 0.1259950000
OS 1.8880080000 0.1261780000
OS 1.8907450000 0.1282100000
OS 1.8909870000 0.1283720000
OS 1.8939120000 0.1301250000
OS 1.8941680000 0.1302620000
OS 1.8972510000 0.1317200000
OS 1.8975190000 0.1318300000
OS 1.9007290000 0.1329790000
OS 1.9010060000 0.1330630000
OS 1.9043140000 0.1338920000
OS 1.9045990000 0.1339490000
OS 1.9079720000 0.1344480000
OS 1.9082590000 0.1344760000
OS 1.9116650000 0.1346450000
OS 1.9119570000 0.1346450000
OS 1.9153630000 0.1344760000
OS 1.9156490000 0.1344480000
OS 1.9190220000 0.1339490000
OS 1.9193070000 0.1338920000
OS 1.9226150000 0.1330630000
OS 1.9228920000 0.1329790000
OS 1.9261020000 0.1318300000
OS 1.9263700000 0.1317200000
OS 1.9294530000 0.1302620000
OS 1.9297090000 0.1301250000
OS 1.9326340000 0.1283720000
OS 1.9328760000 0.1282100000
OS 1.9356130000 0.1261780000
OS 1.9358360000 0.1259950000
OS 1.9383630000 0.1237060000
OS 1.9385690000 0.1235000000
OS 1.9408580000 0.1209730000
OS 1.9410410000 0.1207500000
OS 1.9430730000 0.1180130000
OS 1.9432350000 0.1177710000
OS 1.9449880000 0.1148460000
OS 1.9451250000 0.1145900000
OS 1.9465830000 0.1115070000
OS 1.9466930000 0.1112390000
OS 1.9478420000 0.1080290000
OS 1.9479260000 0.1077520000
OS 1.9487550000 0.1044440000
OS 1.9488120000 0.1041590000
OS 1.9493110000 0.1007860000
OS 1.9493390000 0.1005000000
OS 1.9495080000 0.0970940000
OS 1.9495080000 0.0968020000
OS 1.9493390000 0.0933960000
OS 1.9493110000 0.0931090000
OS 1.9488120000 0.0897360000
OS 1.9487550000 0.0894510000
OS 1.9479260000 0.0861430000
OS 1.9478420000 0.0858660000
OS 1.9466930000 0.0826560000
OS 1.9465830000 0.0823880000
OS 1.9451250000 0.0793050000
OS 1.9449880000 0.0790490000
OS 1.9432350000 0.0761240000
OS 1.9430730000 0.0758820000
OS 1.9410410000 0.0731450000
OS 1.9408580000 0.0729220000
OS 1.9385690000 0.0703950000
OS 1.9383630000 0.0701890000
OS 1.9358360000 0.0679000000
OS 1.9356130000 0.0677170000
OS 1.9328760000 0.0656850000
OS 1.9326340000 0.0655230000
OS 1.9297090000 0.0637700000
OS 1.9294530000 0.0636330000
OS 1.9263700000 0.0621750000
OS 1.9261020000 0.0620650000
OS 1.9228920000 0.0609160000
OS 1.9226150000 0.0608320000
OS 1.9193070000 0.0600030000
OS 1.9190220000 0.0599460000
OS 1.9156490000 0.0594470000
OS 1.9153610000 0.0594190000
OE
SE
S N 0
OB 2.0153610000 0.0594190000 I
OS 2.0119560000 0.0592510000
OS 2.0116660000 0.0592510000
OS 2.0082600000 0.0594190000
OS 2.0079720000 0.0594470000
OS 2.0045990000 0.0599460000
OS 2.0043140000 0.0600030000
OS 2.0010060000 0.0608320000
OS 2.0007290000 0.0609160000
OS 1.9975190000 0.0620650000
OS 1.9972510000 0.0621750000
OS 1.9941680000 0.0636330000
OS 1.9939120000 0.0637700000
OS 1.9909870000 0.0655230000
OS 1.9907450000 0.0656850000
OS 1.9880080000 0.0677170000
OS 1.9877850000 0.0679000000
OS 1.9852580000 0.0701890000
OS 1.9850520000 0.0703950000
OS 1.9827630000 0.0729220000
OS 1.9825800000 0.0731450000
OS 1.9805480000 0.0758820000
OS 1.9803860000 0.0761240000
OS 1.9786330000 0.0790490000
OS 1.9784960000 0.0793050000
OS 1.9770380000 0.0823880000
OS 1.9769280000 0.0826560000
OS 1.9757790000 0.0858660000
OS 1.9756950000 0.0861430000
OS 1.9748660000 0.0894510000
OS 1.9748090000 0.0897360000
OS 1.9743100000 0.0931090000
OS 1.9742820000 0.0933970000
OS 1.9741140000 0.0968030000
OS 1.9741140000 0.0970930000
OS 1.9742820000 0.1004980000
OS 1.9743100000 0.1007860000
OS 1.9748090000 0.1041590000
OS 1.9748660000 0.1044440000
OS 1.9756950000 0.1077520000
OS 1.9757790000 0.1080290000
OS 1.9769280000 0.1112390000
OS 1.9770380000 0.1115070000
OS 1.9784960000 0.1145900000
OS 1.9786330000 0.1148460000
OS 1.9803860000 0.1177710000
OS 1.9805480000 0.1180130000
OS 1.9825800000 0.1207500000
OS 1.9827630000 0.1209730000
OS 1.9850520000 0.1235000000
OS 1.9852580000 0.1237060000
OS 1.9877850000 0.1259950000
OS 1.9880080000 0.1261780000
OS 1.9907450000 0.1282100000
OS 1.9909870000 0.1283720000
OS 1.9939120000 0.1301250000
OS 1.9941680000 0.1302620000
OS 1.9972510000 0.1317200000
OS 1.9975190000 0.1318300000
OS 2.0007290000 0.1329790000
OS 2.0010060000 0.1330630000
OS 2.0043140000 0.1338920000
OS 2.0045990000 0.1339490000
OS 2.0079720000 0.1344480000
OS 2.0082590000 0.1344760000
OS 2.0116650000 0.1346450000
OS 2.0119570000 0.1346450000
OS 2.0153630000 0.1344760000
OS 2.0156490000 0.1344480000
OS 2.0190220000 0.1339490000
OS 2.0193070000 0.1338920000
OS 2.0226150000 0.1330630000
OS 2.0228920000 0.1329790000
OS 2.0261020000 0.1318300000
OS 2.0263700000 0.1317200000
OS 2.0294530000 0.1302620000
OS 2.0297090000 0.1301250000
OS 2.0326340000 0.1283720000
OS 2.0328760000 0.1282100000
OS 2.0356130000 0.1261780000
OS 2.0358360000 0.1259950000
OS 2.0383630000 0.1237060000
OS 2.0385690000 0.1235000000
OS 2.0408580000 0.1209730000
OS 2.0410410000 0.1207500000
OS 2.0430730000 0.1180130000
OS 2.0432350000 0.1177710000
OS 2.0449880000 0.1148460000
OS 2.0451250000 0.1145900000
OS 2.0465830000 0.1115070000
OS 2.0466930000 0.1112390000
OS 2.0478420000 0.1080290000
OS 2.0479260000 0.1077520000
OS 2.0487550000 0.1044440000
OS 2.0488120000 0.1041590000
OS 2.0493110000 0.1007860000
OS 2.0493390000 0.1005000000
OS 2.0495080000 0.0970940000
OS 2.0495080000 0.0968020000
OS 2.0493390000 0.0933960000
OS 2.0493110000 0.0931090000
OS 2.0488120000 0.0897360000
OS 2.0487550000 0.0894510000
OS 2.0479260000 0.0861430000
OS 2.0478420000 0.0858660000
OS 2.0466930000 0.0826560000
OS 2.0465830000 0.0823880000
OS 2.0451250000 0.0793050000
OS 2.0449880000 0.0790490000
OS 2.0432350000 0.0761240000
OS 2.0430730000 0.0758820000
OS 2.0410410000 0.0731450000
OS 2.0408580000 0.0729220000
OS 2.0385690000 0.0703950000
OS 2.0383630000 0.0701890000
OS 2.0358360000 0.0679000000
OS 2.0356130000 0.0677170000
OS 2.0328760000 0.0656850000
OS 2.0326340000 0.0655230000
OS 2.0297090000 0.0637700000
OS 2.0294530000 0.0636330000
OS 2.0263700000 0.0621750000
OS 2.0261020000 0.0620650000
OS 2.0228920000 0.0609160000
OS 2.0226150000 0.0608320000
OS 2.0193070000 0.0600030000
OS 2.0190220000 0.0599460000
OS 2.0156490000 0.0594470000
OS 2.0153610000 0.0594190000
OE
SE
S N 0
OB 1.0739230000 0.1538510000 I
OS 1.0736200000 0.1538370000
OS 1.0644430000 0.1538700000
OS 1.0630430000 0.1542230000
OS 1.0606720000 0.1554880000
OS 1.0592970000 0.1570000000
OS 1.0582040000 0.1596190000
OS 1.0579740000 0.1607670000
OS 1.0579740000 0.1920860000
OS 1.0580320000 0.1926680000
OS 1.0583540000 0.1942730000
OS 1.0589740000 0.1955830000
OS 1.0605850000 0.1975490000
OS 1.0620010000 0.1984990000
OS 1.0628110000 0.1993090000
OS 1.0761670000 0.1993090000
OS 1.0770670000 0.1984090000
OS 1.0772780000 0.1983090000
OS 1.0792470000 0.1966950000
OS 1.0802210000 0.1952410000
OS 1.0808740000 0.1930960000
OS 1.0810040000 0.1922310000
OS 1.0810040000 0.1610600000
OS 1.0809460000 0.1604780000
OS 1.0806240000 0.1588730000
OS 1.0800040000 0.1575630000
OS 1.0784830000 0.1557070000
OS 1.0773080000 0.1548360000
OS 1.0756460000 0.1541490000
OS 1.0748060000 0.1539390000
OS 1.0739230000 0.1538510000
OE
SE
S N 0
OB 1.0542380000 0.1538510000 I
OS 1.0539350000 0.1538370000
OS 1.0447580000 0.1538700000
OS 1.0433580000 0.1542230000
OS 1.0409870000 0.1554880000
OS 1.0396120000 0.1570000000
OS 1.0385190000 0.1596190000
OS 1.0382890000 0.1607670000
OS 1.0382890000 0.1920860000
OS 1.0383470000 0.1926680000
OS 1.0386690000 0.1942730000
OS 1.0392890000 0.1955830000
OS 1.0409000000 0.1975490000
OS 1.0423160000 0.1984990000
OS 1.0431260000 0.1993090000
OS 1.0564820000 0.1993090000
OS 1.0573820000 0.1984090000
OS 1.0575930000 0.1983090000
OS 1.0595620000 0.1966950000
OS 1.0605360000 0.1952410000
OS 1.0611890000 0.1930960000
OS 1.0613190000 0.1922310000
OS 1.0613190000 0.1610600000
OS 1.0612610000 0.1604780000
OS 1.0609390000 0.1588730000
OS 1.0603190000 0.1575630000
OS 1.0587980000 0.1557070000
OS 1.0576230000 0.1548360000
OS 1.0559610000 0.1541490000
OS 1.0551210000 0.1539390000
OS 1.0542380000 0.1538510000
OE
SE
S N 0
OB 0.7179010000 0.0941920000 I
OS 0.7178990000 0.0941900000
OS 0.7045430000 0.0941900000
OS 0.7045410000 0.0941920000
OS 0.7017130000 0.0941920000
OS 0.7014250000 0.0942070000
OS 0.6991240000 0.0944320000
OS 0.6985530000 0.0945450000
OS 0.6961880000 0.0952630000
OS 0.6956520000 0.0954850000
OS 0.6934720000 0.0966490000
OS 0.6929890000 0.0969720000
OS 0.6910780000 0.0985410000
OS 0.6906670000 0.0989510000
OS 0.6891000000 0.1008620000
OS 0.6887790000 0.1013430000
OS 0.6876130000 0.1035220000
OS 0.6873910000 0.1040590000
OS 0.6866730000 0.1064250000
OS 0.6865600000 0.1069960000
OS 0.6863350000 0.1092970000
OS 0.6863200000 0.1095850000
OS 0.6863200000 0.1295850000
OS 0.6863350000 0.1298730000
OS 0.6865600000 0.1321730000
OS 0.6866720000 0.1327400000
OS 0.6873880000 0.1351070000
OS 0.6876110000 0.1356470000
OS 0.6887780000 0.1378290000
OS 0.6890990000 0.1383090000
OS 0.6906660000 0.1402200000
OS 0.6910770000 0.1406300000
OS 0.6929880000 0.1421990000
OS 0.6934700000 0.1425210000
OS 0.6956480000 0.1436850000
OS 0.6961780000 0.1439050000
OS 0.6982240000 0.1445310000
OS 0.6982350000 0.1445280000
OS 0.6985530000 0.1446250000
OS 0.6991240000 0.1447380000
OS 0.7014250000 0.1449630000
OS 0.7017130000 0.1449780000
OS 0.7207290000 0.1449780000
OS 0.7210170000 0.1449630000
OS 0.7233180000 0.1447380000
OS 0.7238890000 0.1446250000
OS 0.7262540000 0.1439070000
OS 0.7267900000 0.1436850000
OS 0.7289700000 0.1425210000
OS 0.7294530000 0.1421980000
OS 0.7313640000 0.1406290000
OS 0.7317750000 0.1402190000
OS 0.7333420000 0.1383080000
OS 0.7336630000 0.1378270000
OS 0.7348290000 0.1356480000
OS 0.7350510000 0.1351110000
OS 0.7357690000 0.1327450000
OS 0.7358820000 0.1321740000
OS 0.7361070000 0.1298730000
OS 0.7361220000 0.1295850000
OS 0.7361220000 0.1095850000
OS 0.7361070000 0.1092970000
OS 0.7358820000 0.1069960000
OS 0.7357690000 0.1064250000
OS 0.7350510000 0.1040590000
OS 0.7348290000 0.1035220000
OS 0.7336630000 0.1013430000
OS 0.7333420000 0.1008620000
OS 0.7317750000 0.0989510000
OS 0.7313640000 0.0985410000
OS 0.7294530000 0.0969720000
OS 0.7289700000 0.0966490000
OS 0.7267900000 0.0954850000
OS 0.7262540000 0.0952630000
OS 0.7238890000 0.0945450000
OS 0.7233180000 0.0944320000
OS 0.7210170000 0.0942070000
OS 0.7207290000 0.0941920000
OS 0.7179010000 0.0941920000
OE
SE
S N 0
OB 1.0376960000 0.1547360000 I
OS 1.0367970000 0.1538370000
OS 1.0234410000 0.1538370000
OS 1.0223490000 0.1549290000
OS 1.0213020000 0.1554880000
OS 1.0199270000 0.1570000000
OS 1.0188340000 0.1596190000
OS 1.0186040000 0.1607670000
OS 1.0186040000 0.1920860000
OS 1.0186620000 0.1926680000
OS 1.0189840000 0.1942730000
OS 1.0196040000 0.1955830000
OS 1.0212150000 0.1975490000
OS 1.0226310000 0.1984990000
OS 1.0234410000 0.1993090000
OS 1.0367970000 0.1993090000
OS 1.0376970000 0.1984090000
OS 1.0379080000 0.1983090000
OS 1.0398770000 0.1966950000
OS 1.0408510000 0.1952410000
OS 1.0415040000 0.1930960000
OS 1.0416340000 0.1922310000
OS 1.0416340000 0.1610600000
OS 1.0415760000 0.1604780000
OS 1.0412540000 0.1588730000
OS 1.0406340000 0.1575630000
OS 1.0391130000 0.1557070000
OS 1.0379380000 0.1548360000
OS 1.0376960000 0.1547360000
OE
SE
S N 0
OB 1.0148670000 0.1538510000 I
OS 1.0145640000 0.1538370000
OS 1.0053870000 0.1538700000
OS 1.0039870000 0.1542230000
OS 1.0016160000 0.1554880000
OS 1.0002410000 0.1570000000
OS 0.9991480000 0.1596190000
OS 0.9989180000 0.1607670000
OS 0.9989180000 0.1920860000
OS 0.9989760000 0.1926680000
OS 0.9992980000 0.1942730000
OS 0.9999180000 0.1955830000
OS 1.0015290000 0.1975490000
OS 1.0029790000 0.1985220000
OS 1.0051230000 0.1991780000
OS 1.0059920000 0.1993090000
OS 1.0147280000 0.1993090000
OS 1.0153120000 0.1992500000
OS 1.0169150000 0.1989280000
OS 1.0182230000 0.1983080000
OS 1.0201910000 0.1966950000
OS 1.0211650000 0.1952410000
OS 1.0218180000 0.1930960000
OS 1.0219480000 0.1922310000
OS 1.0219480000 0.1610600000
OS 1.0218900000 0.1604780000
OS 1.0215680000 0.1588730000
OS 1.0209480000 0.1575630000
OS 1.0194270000 0.1557070000
OS 1.0182520000 0.1548360000
OS 1.0165900000 0.1541490000
OS 1.0157500000 0.1539390000
OS 1.0148670000 0.1538510000
OE
SE
S N 0
OB 0.9991070000 0.1381040000 I
OS 0.9988260000 0.1380900000
OS 0.9679520000 0.1380900000
OS 0.9673700000 0.1381480000
OS 0.9657650000 0.1384700000
OS 0.9644550000 0.1390900000
OS 0.9624890000 0.1407010000
OS 0.9615160000 0.1421510000
OS 0.9608600000 0.1442950000
OS 0.9607290000 0.1451640000
OS 0.9607290000 0.1539000000
OS 0.9607880000 0.1544840000
OS 0.9611100000 0.1560870000
OS 0.9617300000 0.1573950000
OS 0.9633430000 0.1593630000
OS 0.9647970000 0.1603370000
OS 0.9669420000 0.1609900000
OS 0.9678070000 0.1611200000
OS 0.9989780000 0.1611200000
OS 0.9995600000 0.1610620000
OS 1.0011650000 0.1607400000
OS 1.0024750000 0.1601200000
OS 1.0044410000 0.1585090000
OS 1.0054140000 0.1570590000
OS 1.0060700000 0.1549150000
OS 1.0062010000 0.1540460000
OS 1.0062010000 0.1453100000
OS 1.0061420000 0.1447260000
OS 1.0058200000 0.1431230000
OS 1.0052000000 0.1418150000
OS 1.0036780000 0.1399590000
OS 1.0025040000 0.1390880000
OS 1.0008370000 0.1383990000
OS 0.9999870000 0.1381880000
OS 0.9991070000 0.1381040000
OE
SE
S N 0
OB 0.9991070000 0.1184190000 I
OS 0.9988260000 0.1184050000
OS 0.9679520000 0.1184050000
OS 0.9673700000 0.1184630000
OS 0.9657650000 0.1187850000
OS 0.9644550000 0.1194050000
OS 0.9624890000 0.1210160000
OS 0.9615160000 0.1224660000
OS 0.9608600000 0.1246100000
OS 0.9607290000 0.1254790000
OS 0.9607290000 0.1342150000
OS 0.9607880000 0.1347990000
OS 0.9611100000 0.1364020000
OS 0.9617300000 0.1377100000
OS 0.9633430000 0.1396780000
OS 0.9647970000 0.1406520000
OS 0.9669420000 0.1413050000
OS 0.9678070000 0.1414350000
OS 0.9989780000 0.1414350000
OS 0.9995600000 0.1413770000
OS 1.0011650000 0.1410550000
OS 1.0024750000 0.1404350000
OS 1.0044410000 0.1388240000
OS 1.0054140000 0.1373740000
OS 1.0060700000 0.1352300000
OS 1.0062010000 0.1343610000
OS 1.0062010000 0.1256250000
OS 1.0061420000 0.1250410000
OS 1.0058200000 0.1234380000
OS 1.0052000000 0.1221300000
OS 1.0036780000 0.1202740000
OS 1.0025040000 0.1194030000
OS 1.0008370000 0.1187140000
OS 0.9999870000 0.1185030000
OS 0.9991070000 0.1184190000
OE
SE
S N 0
OB 0.6549780000 0.1591670000 I
OS 0.6546870000 0.1591520000
OS 0.6327150000 0.1591520000
OS 0.6324240000 0.1591670000
OS 0.6300280000 0.1594040000
OS 0.6294600000 0.1595170000
OS 0.6270030000 0.1602620000
OS 0.6264670000 0.1604840000
OS 0.6242030000 0.1616930000
OS 0.6237210000 0.1620150000
OS 0.6217350000 0.1636450000
OS 0.6213240000 0.1640560000
OS 0.6196950000 0.1660410000
OS 0.6193730000 0.1665230000
OS 0.6181620000 0.1687860000
OS 0.6179400000 0.1693230000
OS 0.6171940000 0.1717820000
OS 0.6170810000 0.1723520000
OS 0.6168460000 0.1747480000
OS 0.6168310000 0.1750370000
OS 0.6168310000 0.2029130000
OS 0.6168460000 0.2032020000
OS 0.6170810000 0.2055980000
OS 0.6171940000 0.2061680000
OS 0.6179400000 0.2086270000
OS 0.6181620000 0.2091640000
OS 0.6193730000 0.2114270000
OS 0.6196950000 0.2119090000
OS 0.6213240000 0.2138940000
OS 0.6217350000 0.2143050000
OS 0.6237210000 0.2159350000
OS 0.6242030000 0.2162570000
OS 0.6264670000 0.2174660000
OS 0.6270030000 0.2176880000
OS 0.6294600000 0.2184330000
OS 0.6300280000 0.2185460000
OS 0.6324240000 0.2187830000
OS 0.6327150000 0.2187980000
OS 0.6546870000 0.2187980000
OS 0.6549780000 0.2187830000
OS 0.6573740000 0.2185460000
OS 0.6579420000 0.2184330000
OS 0.6604000000 0.2176880000
OS 0.6609360000 0.2174660000
OS 0.6610730000 0.2173930000
OS 0.6610900000 0.2173950000
OS 0.6632150000 0.2162490000
OS 0.6636870000 0.2159320000
OS 0.6656680000 0.2143060000
OS 0.6660790000 0.2138950000
OS 0.6677080000 0.2119100000
OS 0.6680290000 0.2114290000
OS 0.6692410000 0.2091650000
OS 0.6694640000 0.2086270000
OS 0.6702100000 0.2061680000
OS 0.6703230000 0.2056000000
OS 0.6705680000 0.2031100000
OS 0.6705620000 0.2030920000
OS 0.6705710000 0.2029120000
OS 0.6705710000 0.1750370000
OS 0.6705560000 0.1747480000
OS 0.6703210000 0.1723520000
OS 0.6702080000 0.1717820000
OS 0.6694620000 0.1693230000
OS 0.6692400000 0.1687860000
OS 0.6680290000 0.1665230000
OS 0.6677070000 0.1660410000
OS 0.6660780000 0.1640560000
OS 0.6656670000 0.1636450000
OS 0.6636810000 0.1620150000
OS 0.6631990000 0.1616930000
OS 0.6609350000 0.1604840000
OS 0.6603990000 0.1602620000
OS 0.6579420000 0.1595170000
OS 0.6573740000 0.1594040000
OS 0.6549780000 0.1591670000
OE
SE
S N 0
OB 0.9991070000 0.0790490000 I
OS 0.9988260000 0.0790350000
OS 0.9679520000 0.0790350000
OS 0.9673700000 0.0790930000
OS 0.9657650000 0.0794150000
OS 0.9644550000 0.0800350000
OS 0.9624890000 0.0816460000
OS 0.9615160000 0.0830960000
OS 0.9608600000 0.0852400000
OS 0.9607290000 0.0861090000
OS 0.9607290000 0.0948450000
OS 0.9607880000 0.0954290000
OS 0.9611100000 0.0970320000
OS 0.9617300000 0.0983400000
OS 0.9633430000 0.1003080000
OS 0.9647970000 0.1012820000
OS 0.9669420000 0.1019350000
OS 0.9678070000 0.1020650000
OS 0.9989780000 0.1020650000
OS 0.9995600000 0.1020070000
OS 1.0011650000 0.1016850000
OS 1.0024750000 0.1010650000
OS 1.0044410000 0.0994540000
OS 1.0054140000 0.0980040000
OS 1.0060700000 0.0958600000
OS 1.0062010000 0.0949910000
OS 1.0062010000 0.0862550000
OS 1.0061420000 0.0856710000
OS 1.0058200000 0.0840680000
OS 1.0052000000 0.0827600000
OS 1.0036780000 0.0809040000
OS 1.0025040000 0.0800330000
OS 1.0008370000 0.0793440000
OS 0.9999870000 0.0791330000
OS 0.9991070000 0.0790490000
OE
SE
S N 0
OB 0.9991070000 0.0987340000 I
OS 0.9988260000 0.0987200000
OS 0.9679520000 0.0987200000
OS 0.9673700000 0.0987780000
OS 0.9657650000 0.0991000000
OS 0.9644550000 0.0997200000
OS 0.9624890000 0.1013310000
OS 0.9615390000 0.1027470000
OS 0.9607290000 0.1035570000
OS 0.9607290000 0.1169130000
OS 0.9616290000 0.1178130000
OS 0.9617290000 0.1180240000
OS 0.9633430000 0.1199930000
OS 0.9647970000 0.1209670000
OS 0.9669420000 0.1216200000
OS 0.9678070000 0.1217500000
OS 0.9989780000 0.1217500000
OS 0.9995600000 0.1216920000
OS 1.0011650000 0.1213700000
OS 1.0024750000 0.1207500000
OS 1.0044410000 0.1191390000
OS 1.0054140000 0.1176890000
OS 1.0060700000 0.1155450000
OS 1.0062010000 0.1146760000
OS 1.0062010000 0.1059400000
OS 1.0061420000 0.1053560000
OS 1.0058200000 0.1037530000
OS 1.0052000000 0.1024450000
OS 1.0036780000 0.1005890000
OS 1.0025040000 0.0997180000
OS 1.0008370000 0.0990290000
OS 0.9999870000 0.0988180000
OS 0.9991070000 0.0987340000
OE
SE
S N 0
OB 1.0148670000 0.0408590000 I
OS 1.0145640000 0.0408450000
OS 1.0053870000 0.0408780000
OS 1.0039870000 0.0412310000
OS 1.0016160000 0.0424960000
OS 1.0002410000 0.0440080000
OS 0.9991480000 0.0466270000
OS 0.9989180000 0.0477750000
OS 0.9989180000 0.0790940000
OS 0.9989760000 0.0796760000
OS 0.9992980000 0.0812810000
OS 0.9999180000 0.0825910000
OS 1.0015290000 0.0845570000
OS 1.0029790000 0.0855300000
OS 1.0051230000 0.0861860000
OS 1.0059920000 0.0863170000
OS 1.0147280000 0.0863170000
OS 1.0153120000 0.0862580000
OS 1.0169150000 0.0859360000
OS 1.0182230000 0.0853160000
OS 1.0201910000 0.0837030000
OS 1.0211650000 0.0822490000
OS 1.0218180000 0.0801040000
OS 1.0219480000 0.0792390000
OS 1.0219480000 0.0480680000
OS 1.0218900000 0.0474860000
OS 1.0215680000 0.0458810000
OS 1.0209480000 0.0445710000
OS 1.0194270000 0.0427150000
OS 1.0182520000 0.0418440000
OS 1.0165900000 0.0411570000
OS 1.0157500000 0.0409470000
OS 1.0148670000 0.0408590000
OE
SE
S N 0
OB 1.0376960000 0.0417440000 I
OS 1.0367970000 0.0408450000
OS 1.0234410000 0.0408450000
OS 1.0223490000 0.0419370000
OS 1.0213020000 0.0424960000
OS 1.0199270000 0.0440080000
OS 1.0188340000 0.0466270000
OS 1.0186040000 0.0477750000
OS 1.0186040000 0.0790940000
OS 1.0186620000 0.0796760000
OS 1.0189840000 0.0812810000
OS 1.0196040000 0.0825910000
OS 1.0212150000 0.0845570000
OS 1.0226650000 0.0855300000
OS 1.0248090000 0.0861860000
OS 1.0256780000 0.0863170000
OS 1.0344140000 0.0863170000
OS 1.0349980000 0.0862580000
OS 1.0366010000 0.0859360000
OS 1.0379090000 0.0853160000
OS 1.0398770000 0.0837030000
OS 1.0408510000 0.0822490000
OS 1.0415040000 0.0801040000
OS 1.0416340000 0.0792390000
OS 1.0416340000 0.0480680000
OS 1.0415760000 0.0474860000
OS 1.0412540000 0.0458810000
OS 1.0406340000 0.0445710000
OS 1.0391130000 0.0427150000
OS 1.0379380000 0.0418440000
OS 1.0376960000 0.0417440000
OE
SE
S N 0
OB 1.0542380000 0.0408590000 I
OS 1.0539350000 0.0408450000
OS 1.0447580000 0.0408780000
OS 1.0433580000 0.0412310000
OS 1.0409870000 0.0424960000
OS 1.0396120000 0.0440080000
OS 1.0385190000 0.0466270000
OS 1.0382890000 0.0477750000
OS 1.0382890000 0.0790940000
OS 1.0383470000 0.0796760000
OS 1.0386690000 0.0812810000
OS 1.0392890000 0.0825910000
OS 1.0409000000 0.0845570000
OS 1.0423160000 0.0855070000
OS 1.0431260000 0.0863170000
OS 1.0564820000 0.0863170000
OS 1.0573820000 0.0854170000
OS 1.0575930000 0.0853170000
OS 1.0595620000 0.0837030000
OS 1.0605360000 0.0822490000
OS 1.0611890000 0.0801040000
OS 1.0613190000 0.0792390000
OS 1.0613190000 0.0480680000
OS 1.0612610000 0.0474860000
OS 1.0609390000 0.0458810000
OS 1.0603190000 0.0445710000
OS 1.0587980000 0.0427150000
OS 1.0576230000 0.0418440000
OS 1.0559610000 0.0411570000
OS 1.0551210000 0.0409470000
OS 1.0542380000 0.0408590000
OE
SE
S N 0
OB 0.7210170000 0.1660580000 I
OS 0.7207290000 0.1660430000
OS 0.7017130000 0.1660430000
OS 0.7014250000 0.1660580000
OS 0.6991240000 0.1662830000
OS 0.6985530000 0.1663960000
OS 0.6961880000 0.1671140000
OS 0.6956520000 0.1673360000
OS 0.6934720000 0.1685000000
OS 0.6929890000 0.1688230000
OS 0.6910780000 0.1703920000
OS 0.6906670000 0.1708020000
OS 0.6891000000 0.1727130000
OS 0.6887790000 0.1731940000
OS 0.6876130000 0.1753730000
OS 0.6873910000 0.1759100000
OS 0.6866730000 0.1782760000
OS 0.6865600000 0.1788470000
OS 0.6863350000 0.1811480000
OS 0.6863200000 0.1814360000
OS 0.6863200000 0.2014360000
OS 0.6863350000 0.2017240000
OS 0.6865600000 0.2040250000
OS 0.6866730000 0.2045960000
OS 0.6873910000 0.2069620000
OS 0.6876130000 0.2074990000
OS 0.6887790000 0.2096780000
OS 0.6891000000 0.2101590000
OS 0.6906670000 0.2120700000
OS 0.6910780000 0.2124800000
OS 0.6929890000 0.2140490000
OS 0.6934720000 0.2143720000
OS 0.6956520000 0.2155360000
OS 0.6961880000 0.2157580000
OS 0.6985530000 0.2164760000
OS 0.6991240000 0.2165890000
OS 0.7014250000 0.2168140000
OS 0.7017130000 0.2168290000
OS 0.7207290000 0.2168290000
OS 0.7210170000 0.2168140000
OS 0.7233190000 0.2165890000
OS 0.7238900000 0.2164750000
OS 0.7242030000 0.2163800000
OS 0.7242110000 0.2163820000
OS 0.7262590000 0.2157590000
OS 0.7267920000 0.2155370000
OS 0.7289720000 0.2143720000
OS 0.7294540000 0.2140500000
OS 0.7313650000 0.2124810000
OS 0.7317760000 0.2120710000
OS 0.7333430000 0.2101600000
OS 0.7336640000 0.2096800000
OS 0.7348300000 0.2075000000
OS 0.7350530000 0.2069630000
OS 0.7359040000 0.2041590000
OS 0.7358770000 0.2040510000
OS 0.7358820000 0.2040260000
OS 0.7361070000 0.2017240000
OS 0.7361220000 0.2014360000
OS 0.7361220000 0.1814360000
OS 0.7361070000 0.1811480000
OS 0.7358820000 0.1788470000
OS 0.7357690000 0.1782760000
OS 0.7350510000 0.1759100000
OS 0.7348290000 0.1753730000
OS 0.7336630000 0.1731940000
OS 0.7333420000 0.1727130000
OS 0.7317750000 0.1708020000
OS 0.7313640000 0.1703920000
OS 0.7294530000 0.1688230000
OS 0.7289700000 0.1685000000
OS 0.7267900000 0.1673360000
OS 0.7262540000 0.1671140000
OS 0.7238890000 0.1663960000
OS 0.7233180000 0.1662830000
OS 0.7210170000 0.1660580000
OE
SE
S N 0
OB 0.5644270000 0.1591670000 I
OS 0.5641360000 0.1591520000
OS 0.5421640000 0.1591520000
OS 0.5418730000 0.1591670000
OS 0.5394770000 0.1594040000
OS 0.5389090000 0.1595170000
OS 0.5364520000 0.1602620000
OS 0.5359160000 0.1604840000
OS 0.5336520000 0.1616930000
OS 0.5331700000 0.1620150000
OS 0.5311840000 0.1636450000
OS 0.5307730000 0.1640560000
OS 0.5291440000 0.1660410000
OS 0.5288220000 0.1665230000
OS 0.5276110000 0.1687860000
OS 0.5273890000 0.1693230000
OS 0.5266430000 0.1717820000
OS 0.5265300000 0.1723520000
OS 0.5262950000 0.1747480000
OS 0.5262800000 0.1750370000
OS 0.5262800000 0.2029130000
OS 0.5262950000 0.2032020000
OS 0.5265300000 0.2055980000
OS 0.5266430000 0.2061680000
OS 0.5273890000 0.2086270000
OS 0.5276110000 0.2091640000
OS 0.5288220000 0.2114270000
OS 0.5291440000 0.2119090000
OS 0.5307730000 0.2138940000
OS 0.5311840000 0.2143050000
OS 0.5331700000 0.2159350000
OS 0.5336520000 0.2162570000
OS 0.5359160000 0.2174660000
OS 0.5364520000 0.2176880000
OS 0.5389090000 0.2184330000
OS 0.5394770000 0.2185460000
OS 0.5418730000 0.2187830000
OS 0.5421640000 0.2187980000
OS 0.5641360000 0.2187980000
OS 0.5644270000 0.2187830000
OS 0.5668230000 0.2185460000
OS 0.5673910000 0.2184330000
OS 0.5698480000 0.2176880000
OS 0.5703840000 0.2174660000
OS 0.5726480000 0.2162570000
OS 0.5731300000 0.2159350000
OS 0.5751160000 0.2143050000
OS 0.5755270000 0.2138940000
OS 0.5771560000 0.2119090000
OS 0.5774780000 0.2114270000
OS 0.5786890000 0.2091640000
OS 0.5789110000 0.2086270000
OS 0.5796570000 0.2061680000
OS 0.5797700000 0.2055980000
OS 0.5800050000 0.2032020000
OS 0.5800200000 0.2029130000
OS 0.5800200000 0.1750370000
OS 0.5800050000 0.1747480000
OS 0.5797700000 0.1723520000
OS 0.5796570000 0.1717820000
OS 0.5789110000 0.1693230000
OS 0.5786890000 0.1687860000
OS 0.5774780000 0.1665230000
OS 0.5771560000 0.1660410000
OS 0.5755270000 0.1640560000
OS 0.5751160000 0.1636450000
OS 0.5731300000 0.1620150000
OS 0.5726480000 0.1616930000
OS 0.5703840000 0.1604840000
OS 0.5698480000 0.1602620000
OS 0.5673910000 0.1595170000
OS 0.5668230000 0.1594040000
OS 0.5644270000 0.1591670000
OE
SE
S N 0
OB 1.1120990000 0.0987340000 I
OS 1.1118180000 0.0987200000
OS 1.0809440000 0.0987200000
OS 1.0803620000 0.0987780000
OS 1.0787570000 0.0991000000
OS 1.0774470000 0.0997200000
OS 1.0754810000 0.1013310000
OS 1.0745080000 0.1027810000
OS 1.0738520000 0.1049250000
OS 1.0737210000 0.1057940000
OS 1.0737210000 0.1145300000
OS 1.0737800000 0.1151140000
OS 1.0741020000 0.1167170000
OS 1.0747220000 0.1180250000
OS 1.0763350000 0.1199930000
OS 1.0777890000 0.1209670000
OS 1.0799340000 0.1216200000
OS 1.0807990000 0.1217500000
OS 1.1119700000 0.1217500000
OS 1.1125520000 0.1216920000
OS 1.1141570000 0.1213700000
OS 1.1154670000 0.1207500000
OS 1.1174330000 0.1191390000
OS 1.1183830000 0.1177230000
OS 1.1191930000 0.1169130000
OS 1.1191930000 0.1035570000
OS 1.1182930000 0.1026570000
OS 1.1181930000 0.1024460000
OS 1.1166700000 0.1005890000
OS 1.1154960000 0.0997180000
OS 1.1138290000 0.0990290000
OS 1.1129790000 0.0988180000
OS 1.1120990000 0.0987340000
OE
SE
S N 0
OB 1.1120990000 0.0790490000 I
OS 1.1118180000 0.0790350000
OS 1.0809440000 0.0790350000
OS 1.0803620000 0.0790930000
OS 1.0787570000 0.0794150000
OS 1.0774470000 0.0800350000
OS 1.0754810000 0.0816460000
OS 1.0745080000 0.0830960000
OS 1.0738520000 0.0852400000
OS 1.0737210000 0.0861090000
OS 1.0737210000 0.0948450000
OS 1.0737800000 0.0954290000
OS 1.0741020000 0.0970320000
OS 1.0747220000 0.0983400000
OS 1.0763350000 0.1003080000
OS 1.0777890000 0.1012820000
OS 1.0799340000 0.1019350000
OS 1.0807990000 0.1020650000
OS 1.1119700000 0.1020650000
OS 1.1125520000 0.1020070000
OS 1.1141570000 0.1016850000
OS 1.1154670000 0.1010650000
OS 1.1174330000 0.0994540000
OS 1.1184060000 0.0980040000
OS 1.1190620000 0.0958600000
OS 1.1191930000 0.0949910000
OS 1.1191930000 0.0862550000
OS 1.1191340000 0.0856710000
OS 1.1188120000 0.0840680000
OS 1.1181920000 0.0827600000
OS 1.1166700000 0.0809040000
OS 1.1154960000 0.0800330000
OS 1.1138290000 0.0793440000
OS 1.1129790000 0.0791330000
OS 1.1120990000 0.0790490000
OE
SE
S N 0
OB 1.0739230000 0.0408590000 I
OS 1.0736200000 0.0408450000
OS 1.0644430000 0.0408780000
OS 1.0630430000 0.0412310000
OS 1.0606720000 0.0424960000
OS 1.0592970000 0.0440080000
OS 1.0582040000 0.0466270000
OS 1.0579740000 0.0477750000
OS 1.0579740000 0.0790940000
OS 1.0580320000 0.0796760000
OS 1.0583540000 0.0812810000
OS 1.0589740000 0.0825910000
OS 1.0605850000 0.0845570000
OS 1.0620350000 0.0855300000
OS 1.0641790000 0.0861860000
OS 1.0650480000 0.0863170000
OS 1.0737840000 0.0863170000
OS 1.0743680000 0.0862580000
OS 1.0759710000 0.0859360000
OS 1.0772790000 0.0853160000
OS 1.0792470000 0.0837030000
OS 1.0802210000 0.0822490000
OS 1.0808740000 0.0801040000
OS 1.0810040000 0.0792390000
OS 1.0810040000 0.0480680000
OS 1.0809460000 0.0474860000
OS 1.0806240000 0.0458810000
OS 1.0800040000 0.0445710000
OS 1.0784830000 0.0427150000
OS 1.0773080000 0.0418440000
OS 1.0756460000 0.0411570000
OS 1.0748060000 0.0409470000
OS 1.0739230000 0.0408590000
OE
SE
S N 0
OB 1.1120990000 0.1184190000 I
OS 1.1118180000 0.1184050000
OS 1.0809440000 0.1184050000
OS 1.0803620000 0.1184630000
OS 1.0787570000 0.1187850000
OS 1.0774470000 0.1194050000
OS 1.0754810000 0.1210160000
OS 1.0745310000 0.1224320000
OS 1.0737210000 0.1232420000
OS 1.0737210000 0.1365980000
OS 1.0746210000 0.1374980000
OS 1.0747210000 0.1377090000
OS 1.0763350000 0.1396780000
OS 1.0777890000 0.1406520000
OS 1.0799340000 0.1413050000
OS 1.0807990000 0.1414350000
OS 1.1119700000 0.1414350000
OS 1.1125520000 0.1413770000
OS 1.1141570000 0.1410550000
OS 1.1154670000 0.1404350000
OS 1.1174330000 0.1388240000
OS 1.1183830000 0.1374080000
OS 1.1191930000 0.1365980000
OS 1.1191930000 0.1232420000
OS 1.1182930000 0.1223420000
OS 1.1181930000 0.1221310000
OS 1.1166700000 0.1202740000
OS 1.1154960000 0.1194030000
OS 1.1138290000 0.1187140000
OS 1.1129790000 0.1185030000
OS 1.1120990000 0.1184190000
OE
SE
S N 0
OB 0.5696730000 0.6069870000 I
OS 0.5696710000 0.6069850000
OS 0.5563150000 0.6069850000
OS 0.5563130000 0.6069870000
OS 0.5490550000 0.6069870000
OS 0.5487660000 0.6070020000
OS 0.5463700000 0.6072370000
OS 0.5458000000 0.6073500000
OS 0.5433410000 0.6080960000
OS 0.5428040000 0.6083180000
OS 0.5405410000 0.6095290000
OS 0.5400590000 0.6098510000
OS 0.5380740000 0.6114800000
OS 0.5376630000 0.6118910000
OS 0.5360330000 0.6138770000
OS 0.5357110000 0.6143590000
OS 0.5345020000 0.6166230000
OS 0.5342800000 0.6171590000
OS 0.5335350000 0.6196160000
OS 0.5334220000 0.6201840000
OS 0.5331850000 0.6225800000
OS 0.5331700000 0.6228710000
OS 0.5331700000 0.6448430000
OS 0.5331850000 0.6451340000
OS 0.5334220000 0.6475300000
OS 0.5335350000 0.6480980000
OS 0.5342800000 0.6505550000
OS 0.5345020000 0.6510910000
OS 0.5357110000 0.6533550000
OS 0.5360330000 0.6538370000
OS 0.5376630000 0.6558230000
OS 0.5380740000 0.6562340000
OS 0.5400590000 0.6578630000
OS 0.5405410000 0.6581850000
OS 0.5428040000 0.6593960000
OS 0.5433410000 0.6596180000
OS 0.5458000000 0.6603640000
OS 0.5463700000 0.6604770000
OS 0.5487660000 0.6607120000
OS 0.5490550000 0.6607270000
OS 0.5769310000 0.6607270000
OS 0.5772200000 0.6607120000
OS 0.5796160000 0.6604770000
OS 0.5801860000 0.6603640000
OS 0.5826450000 0.6596180000
OS 0.5831820000 0.6593960000
OS 0.5854450000 0.6581850000
OS 0.5859270000 0.6578630000
OS 0.5879120000 0.6562340000
OS 0.5883230000 0.6558230000
OS 0.5899530000 0.6538370000
OS 0.5902750000 0.6533550000
OS 0.5914840000 0.6510910000
OS 0.5917060000 0.6505550000
OS 0.5924510000 0.6480980000
OS 0.5925640000 0.6475300000
OS 0.5928010000 0.6451340000
OS 0.5928160000 0.6448430000
OS 0.5928160000 0.6405370000
OS 0.5928180000 0.6405350000
OS 0.5928180000 0.6271790000
OS 0.5928160000 0.6271770000
OS 0.5928160000 0.6228710000
OS 0.5928010000 0.6225800000
OS 0.5925640000 0.6201840000
OS 0.5924510000 0.6196160000
OS 0.5917060000 0.6171590000
OS 0.5914840000 0.6166230000
OS 0.5902750000 0.6143590000
OS 0.5899530000 0.6138770000
OS 0.5883230000 0.6118910000
OS 0.5879120000 0.6114800000
OS 0.5859270000 0.6098510000
OS 0.5854450000 0.6095290000
OS 0.5831820000 0.6083180000
OS 0.5826450000 0.6080960000
OS 0.5801860000 0.6073500000
OS 0.5796160000 0.6072370000
OS 0.5772200000 0.6070020000
OS 0.5769310000 0.6069870000
OS 0.5696730000 0.6069870000
OE
SE
S N 0
OB 1.1120990000 0.1381040000 I
OS 1.1118180000 0.1380900000
OS 1.0809440000 0.1380900000
OS 1.0803620000 0.1381480000
OS 1.0787570000 0.1384700000
OS 1.0774470000 0.1390900000
OS 1.0754810000 0.1407010000
OS 1.0745080000 0.1421510000
OS 1.0738520000 0.1442950000
OS 1.0737210000 0.1451640000
OS 1.0737210000 0.1539000000
OS 1.0737800000 0.1544840000
OS 1.0741020000 0.1560870000
OS 1.0747220000 0.1573950000
OS 1.0763350000 0.1593630000
OS 1.0777890000 0.1603370000
OS 1.0799340000 0.1609900000
OS 1.0807990000 0.1611200000
OS 1.1119700000 0.1611200000
OS 1.1125520000 0.1610620000
OS 1.1141570000 0.1607400000
OS 1.1154670000 0.1601200000
OS 1.1174330000 0.1585090000
OS 1.1183830000 0.1570930000
OS 1.1191930000 0.1562830000
OS 1.1191930000 0.1429270000
OS 1.1182930000 0.1420270000
OS 1.1181930000 0.1418160000
OS 1.1166700000 0.1399590000
OS 1.1154960000 0.1390880000
OS 1.1138290000 0.1383990000
OS 1.1129790000 0.1381880000
OS 1.1120990000 0.1381040000
OE
SE
S N 0
OB 0.6800460000 0.2363160000 I
OS 0.6799070000 0.2361770000
OS 0.6665510000 0.2361770000
OS 0.6664120000 0.2363160000
OS 0.6114320000 0.2363160000
OS 0.6079720000 0.2397760000
OS 0.6079720000 0.2569610000
OS 0.6078330000 0.2571000000
OS 0.6078330000 0.2704560000
OS 0.6079720000 0.2705950000
OS 0.6079720000 0.3633690000
OS 0.6114320000 0.3668290000
OS 0.7350250000 0.3668290000
OS 0.7384850000 0.3633690000
OS 0.7384850000 0.2407620000
OS 0.7370720000 0.2381400000
OS 0.7350610000 0.2368140000
OS 0.7334010000 0.2363160000
OS 0.6800460000 0.2363160000
OE
SE
S N 0
OB 0.7350610000 0.6218540000 I
OS 0.7334010000 0.6213560000
OS 0.6114320000 0.6213560000
OS 0.6079720000 0.6248160000
OS 0.6079720000 0.6270400000
OS 0.6078330000 0.6271790000
OS 0.6078330000 0.6405350000
OS 0.6079720000 0.6406740000
OS 0.6079720000 0.7484090000
OS 0.6114320000 0.7518690000
OS 0.7350250000 0.7518690000
OS 0.7384850000 0.7484090000
OS 0.7384850000 0.6258020000
OS 0.7370720000 0.6231800000
OS 0.7350610000 0.6218540000
OE
SE
S N 0
OB 0.8588180000 0.1660560000 I
OS 0.8585270000 0.1660410000
OS 0.8385210000 0.1660410000
OS 0.8382290000 0.1660560000
OS 0.8355360000 0.1663230000
OS 0.8354930000 0.1663710000
OS 0.8353640000 0.1663960000
OS 0.8329980000 0.1671140000
OS 0.8324610000 0.1673360000
OS 0.8302820000 0.1685020000
OS 0.8298010000 0.1688230000
OS 0.8278900000 0.1703900000
OS 0.8274800000 0.1708010000
OS 0.8259110000 0.1727120000
OS 0.8255880000 0.1731950000
OS 0.8244240000 0.1753750000
OS 0.8242020000 0.1759110000
OS 0.8236270000 0.1778050000
OS 0.8234560000 0.1779600000
OS 0.8231440000 0.1811460000
OS 0.8231290000 0.1814340000
OS 0.8231290000 0.2004540000
OS 0.8231440000 0.2007430000
OS 0.8234570000 0.2039270000
OS 0.8236260000 0.2040800000
OS 0.8242020000 0.2059770000
OS 0.8244240000 0.2065130000
OS 0.8255880000 0.2086930000
OS 0.8259110000 0.2091760000
OS 0.8274800000 0.2110870000
OS 0.8278900000 0.2114980000
OS 0.8298010000 0.2130650000
OS 0.8302820000 0.2133860000
OS 0.8324610000 0.2145520000
OS 0.8329980000 0.2147740000
OS 0.8353640000 0.2154920000
OS 0.8359350000 0.2156050000
OS 0.8382360000 0.2158300000
OS 0.8385240000 0.2158450000
OS 0.8585240000 0.2158450000
OS 0.8588120000 0.2158300000
OS 0.8611130000 0.2156050000
OS 0.8616840000 0.2154920000
OS 0.8640500000 0.2147740000
OS 0.8645870000 0.2145520000
OS 0.8667660000 0.2133860000
OS 0.8672470000 0.2130650000
OS 0.8691580000 0.2114980000
OS 0.8695680000 0.2110870000
OS 0.8711370000 0.2091760000
OS 0.8714600000 0.2086930000
OS 0.8726240000 0.2065130000
OS 0.8728460000 0.2059770000
OS 0.8735640000 0.2036120000
OS 0.8736770000 0.2030410000
OS 0.8739020000 0.2007400000
OS 0.8739170000 0.2004520000
OS 0.8739170000 0.1814360000
OS 0.8739020000 0.1811480000
OS 0.8736770000 0.1788470000
OS 0.8735640000 0.1782760000
OS 0.8728460000 0.1759110000
OS 0.8726240000 0.1753750000
OS 0.8714600000 0.1731950000
OS 0.8711370000 0.1727120000
OS 0.8695680000 0.1708010000
OS 0.8691580000 0.1703900000
OS 0.8672470000 0.1688230000
OS 0.8667660000 0.1685020000
OS 0.8645870000 0.1673360000
OS 0.8640500000 0.1671140000
OS 0.8616840000 0.1663960000
OS 0.8615560000 0.1663710000
OS 0.8615120000 0.1663220000
OS 0.8588180000 0.1660560000
OE
SE
S N 0
OB 0.5772200000 0.6975530000 I
OS 0.5769310000 0.6975380000
OS 0.5490550000 0.6975380000
OS 0.5487660000 0.6975530000
OS 0.5463700000 0.6977880000
OS 0.5458000000 0.6979010000
OS 0.5433410000 0.6986470000
OS 0.5428040000 0.6988690000
OS 0.5405410000 0.7000800000
OS 0.5400590000 0.7004020000
OS 0.5380740000 0.7020310000
OS 0.5376630000 0.7024420000
OS 0.5360330000 0.7044280000
OS 0.5357110000 0.7049100000
OS 0.5345020000 0.7071740000
OS 0.5342800000 0.7077100000
OS 0.5335350000 0.7101670000
OS 0.5334220000 0.7107350000
OS 0.5331850000 0.7131310000
OS 0.5331700000 0.7134220000
OS 0.5331700000 0.7353940000
OS 0.5331850000 0.7356850000
OS 0.5334220000 0.7380810000
OS 0.5335350000 0.7386490000
OS 0.5342800000 0.7411060000
OS 0.5345020000 0.7416420000
OS 0.5357110000 0.7439060000
OS 0.5360330000 0.7443880000
OS 0.5376630000 0.7463740000
OS 0.5380740000 0.7467850000
OS 0.5400590000 0.7484140000
OS 0.5405410000 0.7487360000
OS 0.5428040000 0.7499470000
OS 0.5433410000 0.7501690000
OS 0.5458000000 0.7509150000
OS 0.5463700000 0.7510280000
OS 0.5487660000 0.7512630000
OS 0.5490550000 0.7512780000
OS 0.5769310000 0.7512780000
OS 0.5772200000 0.7512630000
OS 0.5796160000 0.7510280000
OS 0.5801860000 0.7509150000
OS 0.5826450000 0.7501690000
OS 0.5831820000 0.7499470000
OS 0.5854450000 0.7487360000
OS 0.5859270000 0.7484140000
OS 0.5879120000 0.7467850000
OS 0.5883230000 0.7463740000
OS 0.5899530000 0.7443880000
OS 0.5902750000 0.7439060000
OS 0.5914840000 0.7416420000
OS 0.5917060000 0.7411060000
OS 0.5924510000 0.7386490000
OS 0.5925640000 0.7380810000
OS 0.5928010000 0.7356850000
OS 0.5928160000 0.7353940000
OS 0.5928160000 0.7134220000
OS 0.5928010000 0.7131310000
OS 0.5925640000 0.7107350000
OS 0.5924510000 0.7101670000
OS 0.5917060000 0.7077100000
OS 0.5914840000 0.7071740000
OS 0.5902750000 0.7049100000
OS 0.5899530000 0.7044280000
OS 0.5883230000 0.7024420000
OS 0.5879120000 0.7020310000
OS 0.5859270000 0.7004020000
OS 0.5854450000 0.7000800000
OS 0.5831820000 0.6988690000
OS 0.5826450000 0.6986470000
OS 0.5801860000 0.6979010000
OS 0.5796160000 0.6977880000
OS 0.5772200000 0.6975530000
OE
SE
S N 0
OB 1.0566220000 0.0922220000 I
OS 1.0564820000 0.0920820000
OS 1.0431260000 0.0920820000
OS 1.0429860000 0.0922220000
OS 1.0155660000 0.0922220000
OS 1.0121060000 0.0956820000
OS 1.0121060000 0.1444710000
OS 1.0155660000 0.1479310000
OS 1.0233000000 0.1479310000
OS 1.0234410000 0.1480720000
OS 1.0367970000 0.1480720000
OS 1.0369380000 0.1479310000
OS 1.0643550000 0.1479310000
OS 1.0678150000 0.1444710000
OS 1.0678150000 0.1367390000
OS 1.0679560000 0.1365980000
OS 1.0679560000 0.1232420000
OS 1.0678150000 0.1231010000
OS 1.0678150000 0.0966650000
OS 1.0664010000 0.0940420000
OS 1.0643930000 0.0927200000
OS 1.0627340000 0.0922220000
OS 1.0566220000 0.0922220000
OE
SE
S N 0
OB 0.2707840000 0.5154510000 I
OS 0.2706530000 0.5153200000
OS 0.2572960000 0.5153280000
OS 0.2571730000 0.5154510000
OS 0.2372840000 0.5154510000
OS 0.2356540000 0.5159300000
OS 0.2336300000 0.5172310000
OS 0.2321850000 0.5198770000
OS 0.2321850000 0.5362040000
OS 0.2356450000 0.5396640000
OS 0.2906970000 0.5396640000
OS 0.2923710000 0.5391570000
OS 0.2943700000 0.5378240000
OS 0.2957680000 0.5352130000
OS 0.2957680000 0.5198940000
OS 0.2943540000 0.5172710000
OS 0.2923460000 0.5159490000
OS 0.2906870000 0.5154510000
OS 0.2707840000 0.5154510000
OE
SE
S N 0
OB 0.9306620000 0.1660580000 I
OS 0.9303740000 0.1660430000
OS 0.9103740000 0.1660430000
OS 0.9100860000 0.1660580000
OS 0.9077850000 0.1662830000
OS 0.9072140000 0.1663960000
OS 0.9048480000 0.1671140000
OS 0.9043110000 0.1673360000
OS 0.9021320000 0.1685020000
OS 0.9016510000 0.1688230000
OS 0.8997400000 0.1703900000
OS 0.8993300000 0.1708010000
OS 0.8977610000 0.1727120000
OS 0.8974380000 0.1731950000
OS 0.8962740000 0.1753750000
OS 0.8960520000 0.1759110000
OS 0.8953340000 0.1782760000
OS 0.8952210000 0.1788470000
OS 0.8949960000 0.1811480000
OS 0.8949810000 0.1814360000
OS 0.8949810000 0.2004520000
OS 0.8949960000 0.2007400000
OS 0.8952210000 0.2030400000
OS 0.8953330000 0.2036070000
OS 0.8960480000 0.2059740000
OS 0.8962710000 0.2065120000
OS 0.8974380000 0.2086950000
OS 0.8977600000 0.2091770000
OS 0.8993290000 0.2110880000
OS 0.8997390000 0.2114990000
OS 0.9016500000 0.2130660000
OS 0.9021300000 0.2133870000
OS 0.9043100000 0.2145530000
OS 0.9048460000 0.2147750000
OS 0.9076490000 0.2156270000
OS 0.9077580000 0.2156000000
OS 0.9077850000 0.2156050000
OS 0.9100860000 0.2158300000
OS 0.9103740000 0.2158450000
OS 0.9303740000 0.2158450000
OS 0.9306620000 0.2158300000
OS 0.9329630000 0.2156050000
OS 0.9335340000 0.2154920000
OS 0.9359000000 0.2147740000
OS 0.9364370000 0.2145520000
OS 0.9386160000 0.2133860000
OS 0.9390970000 0.2130650000
OS 0.9410080000 0.2114980000
OS 0.9414180000 0.2110870000
OS 0.9429870000 0.2091760000
OS 0.9433100000 0.2086930000
OS 0.9444740000 0.2065130000
OS 0.9446960000 0.2059770000
OS 0.9454140000 0.2036120000
OS 0.9455270000 0.2030410000
OS 0.9457520000 0.2007400000
OS 0.9457670000 0.2004520000
OS 0.9457670000 0.1976240000
OS 0.9457690000 0.1976220000
OS 0.9457690000 0.1842660000
OS 0.9457670000 0.1842640000
OS 0.9457670000 0.1814360000
OS 0.9457520000 0.1811480000
OS 0.9455270000 0.1788470000
OS 0.9454140000 0.1782760000
OS 0.9446960000 0.1759110000
OS 0.9444740000 0.1753750000
OS 0.9433100000 0.1731950000
OS 0.9429870000 0.1727120000
OS 0.9414180000 0.1708010000
OS 0.9410080000 0.1703900000
OS 0.9390970000 0.1688230000
OS 0.9386160000 0.1685020000
OS 0.9364370000 0.1673360000
OS 0.9359000000 0.1671140000
OS 0.9335340000 0.1663960000
OS 0.9329630000 0.1662830000
OS 0.9306620000 0.1660580000
OE
SE
S N 0
OB 0.1821530000 0.4076990000 I
OS 0.1804650000 0.4071830000
OS 0.0899750000 0.4071850000
OS 0.0865150000 0.4106440000
OS 0.0865150000 0.4909280000
OS 0.0899750000 0.4943880000
OS 0.1820720000 0.4943880000
OS 0.1855320000 0.4909280000
OS 0.1855320000 0.4116450000
OS 0.1841490000 0.4090450000
OS 0.1821530000 0.4076990000
OE
SE
P 1.41181 0.696928 3 N 0 0;0=0
P 1.41181 0.096967 3 N 0 0;0=0
P 1.51181 0.696928 3 N 0 0;0=0
P 1.51181 0.096967 3 N 0 0;0=0
P 1.61181 0.696928 3 N 0 0;0=0
P 1.61181 0.096967 3 N 0 0;0=0
P 1.71181 0.696928 3 N 0 0;0=0
P 1.71181 0.096967 3 N 0 0;0=0
P 1.81181 0.696928 3 N 0 0;0=0
P 1.81181 0.096967 3 N 0 0;0=0
P 1.91181 0.696928 3 N 0 0;0=0
P 1.91181 0.096967 3 N 0 0;0=0
P 2.01181 0.696928 3 N 0 0;0=0
P 2.01181 0.096967 3 N 0 0;0=0
P 0.09252 0.263778 4 N 0 0;0=0
P 0.09252 0.086613 4 N 0 0;0=0
P 0.348426 0.263778 4 N 0 0;0=0
P 0.348426 0.086613 4 N 0 0;0=0
P 0.384905 0.68973 5 N 0 0;0=1
P 1.54038 0.236999 5 N 0 0;0=1
L 0 0.791337 2.21457 0.791337 6 N 0
L 2.21457 0.791337 2.21457 -0.0000010 6 N 0
L 2.21457 -0.0000010 0 -0.0000010 6 N 0
L 0 -0.0000010 0 0.791337 6 N 0
